-- DADSON Database Backup
-- Created: 2026-06-07T12:03:52.811507

-- Table: app_config (10 rows)
DELETE FROM "app_config";
INSERT INTO "app_config" ("id", "key", "value") VALUES (1, 'shipping_charges', '₹99');
INSERT INTO "app_config" ("id", "key", "value") VALUES (4, 'contact_email', 'dadsonjewelry@gmail.com');
INSERT INTO "app_config" ("id", "key", "value") VALUES (2, 'free_shipping_above', '₹1499');
INSERT INTO "app_config" ("id", "key", "value") VALUES (5, 'ga_measurement_id', 'G-DUMMY12345');
INSERT INTO "app_config" ("id", "key", "value") VALUES (6, 'payment_method_cod', 'on');
INSERT INTO "app_config" ("id", "key", "value") VALUES (7, 'payment_method_razorpay', '');
INSERT INTO "app_config" ("id", "key", "value") VALUES (8, 'razorpay_key_id', '');
INSERT INTO "app_config" ("id", "key", "value") VALUES (9, 'razorpay_key_secret', '');
INSERT INTO "app_config" ("id", "key", "value") VALUES (3, 'payment_methods', 'COD');
INSERT INTO "app_config" ("id", "key", "value") VALUES (10, 'category_deduplicated', 'true');

-- Table: attribute (4 rows)
DELETE FROM "attribute";
INSERT INTO "attribute" ("id", "name", "slug", "type", "image_url", "is_featured") VALUES (1, 'gold plated', 'gold-plated', 'select', NULL, FALSE);
INSERT INTO "attribute" ("id", "name", "slug", "type", "image_url", "is_featured") VALUES (2, 'red stone', 'red-stone', 'select', '', FALSE);
INSERT INTO "attribute" ("id", "name", "slug", "type", "image_url", "is_featured") VALUES (3, 'gold', 'gold', 'color', NULL, FALSE);
INSERT INTO "attribute" ("id", "name", "slug", "type", "image_url", "is_featured") VALUES (7, 'Gender', 'gender', 'select', NULL, FALSE);

-- Table: attribute_value (7 rows)
DELETE FROM "attribute_value";
INSERT INTO "attribute_value" ("id", "attribute_id", "value", "image_url") VALUES (2, 1, 'red stone', NULL);
INSERT INTO "attribute_value" ("id", "attribute_id", "value", "image_url") VALUES (3, 2, 'red', NULL);
INSERT INTO "attribute_value" ("id", "attribute_id", "value", "image_url") VALUES (4, 3, 'pure gold 18k', NULL);
INSERT INTO "attribute_value" ("id", "attribute_id", "value", "image_url") VALUES (5, 7, 'Men', NULL);
INSERT INTO "attribute_value" ("id", "attribute_id", "value", "image_url") VALUES (6, 7, 'Women', NULL);
INSERT INTO "attribute_value" ("id", "attribute_id", "value", "image_url") VALUES (7, 7, 'Unisex', NULL);
INSERT INTO "attribute_value" ("id", "attribute_id", "value", "image_url") VALUES (8, 1, 'blue stone', NULL);

-- Table: brand (1 rows)
DELETE FROM "brand";
INSERT INTO "brand" ("id", "name", "logo") VALUES (1, 'DADSON JEWELRY', 'https://res.cloudinary.com/dnetvfdvs/image/upload/v1780207191/dadson/brands/eqxwkz3glwvsk6thdvjv.png');

-- Table: category (14 rows)
DELETE FROM "category";
INSERT INTO "category" ("id", "name", "img", "bg", "count", "parent_id", "gender") VALUES (9, 'Perfume', 'https://res.cloudinary.com/dnetvfdvs/image/upload/v1780580156/dadson/categories/a3bzxprbg2gaj02ude9i.png', NULL, NULL, 23, 'Both');
INSERT INTO "category" ("id", "name", "img", "bg", "count", "parent_id", "gender") VALUES (6, 'Watch', 'https://res.cloudinary.com/dnetvfdvs/image/upload/v1780579916/dadson/categories/q5wkg8mvnftblsq1ltmq.png', NULL, NULL, 24, 'Both');
INSERT INTO "category" ("id", "name", "img", "bg", "count", "parent_id", "gender") VALUES (14, 'Office watch', 'https://res.cloudinary.com/dnetvfdvs/image/upload/v1779357133/dadson/categories/dxdte4bricewqwminnlm.png', NULL, NULL, 6, 'Men');
INSERT INTO "category" ("id", "name", "img", "bg", "count", "parent_id", "gender") VALUES (18, 'Fashion watches', 'https://res.cloudinary.com/dnetvfdvs/image/upload/v1779357133/dadson/categories/dxdte4bricewqwminnlm.png', NULL, NULL, 6, 'Women');
INSERT INTO "category" ("id", "name", "img", "bg", "count", "parent_id", "gender") VALUES (13, 'Gym watch', 'https://res.cloudinary.com/dnetvfdvs/image/upload/v1779357133/dadson/categories/dxdte4bricewqwminnlm.png', NULL, NULL, 6, 'Both');
INSERT INTO "category" ("id", "name", "img", "bg", "count", "parent_id", "gender") VALUES (15, 'Luxury watch', 'https://res.cloudinary.com/dnetvfdvs/image/upload/v1779357133/dadson/categories/dxdte4bricewqwminnlm.png', NULL, NULL, 6, 'Both');
INSERT INTO "category" ("id", "name", "img", "bg", "count", "parent_id", "gender") VALUES (23, 'Men', 'https://res.cloudinary.com/dnetvfdvs/image/upload/v1780766410/dadson/categories/nego32giuiijufqcge9g.webp', NULL, NULL, NULL, 'Both');
INSERT INTO "category" ("id", "name", "img", "bg", "count", "parent_id", "gender") VALUES (24, 'Women', 'https://res.cloudinary.com/dnetvfdvs/image/upload/v1780766473/dadson/categories/wam5u8mi8rr36mfwdpiv.webp', NULL, NULL, NULL, 'Both');
INSERT INTO "category" ("id", "name", "img", "bg", "count", "parent_id", "gender") VALUES (25, 'Unisex', 'https://res.cloudinary.com/dnetvfdvs/image/upload/v1780766541/dadson/categories/qv67fcq0zriazcvitavf.webp', NULL, NULL, NULL, 'Both');
INSERT INTO "category" ("id", "name", "img", "bg", "count", "parent_id", "gender") VALUES (26, 'Kada', NULL, NULL, NULL, 24, 'Both');
INSERT INTO "category" ("id", "name", "img", "bg", "count", "parent_id", "gender") VALUES (27, 'Earrings', NULL, NULL, NULL, 24, 'Both');
INSERT INTO "category" ("id", "name", "img", "bg", "count", "parent_id", "gender") VALUES (28, 'Chain Pendant Set', NULL, NULL, NULL, 24, 'Both');
INSERT INTO "category" ("id", "name", "img", "bg", "count", "parent_id", "gender") VALUES (29, 'Chain', NULL, NULL, NULL, 24, 'Both');
INSERT INTO "category" ("id", "name", "img", "bg", "count", "parent_id", "gender") VALUES (30, 'Rings', NULL, NULL, NULL, 24, 'Both');

-- Table: contact_message (2 rows)
DELETE FROM "contact_message";
INSERT INTO "contact_message" ("id", "name", "email", "phone", "message", "date") VALUES (1, 'Daniel Edwards', 'daniel.webxsolution9@gmail.com', '18454479454', '"Hi,

I visited your website today and noticed a few SEO opportunities that could help improve your search visibility and drive more traffic.

We help businesses increase rankings, attract more visitors, and manage the technical side of SEO to deliver stronger online results.

Would you be open to a quick 5-minute call next week to discuss? If so, please share the best number and time to reach you.

Best regards,
Daniel Edwards"', '2026-05-22 14:39:23.786133');
INSERT INTO "contact_message" ("id", "name", "email", "phone", "message", "date") VALUES (2, 'DavidgoT', 'no.reply.KeillHansen@gmail.com', '83183466537', 'Good day! dadsonjewelry.com, 
While browsing the web I came across dadsonjewelry.com. 
We help companies promote their services using website contact pages. 
Our system supports outreach to websites around the world. 
Our plans are  and easy to start with. 
A free test is available to explore the service. 
Reply if you would like more details. 
 
Thank you for your time. 
Contact us. 
Telegram - https://t.me/FeedbackFormEU 
WhatsApp - +375259112693 
WhatsApp  https://wa.me/+375259112693', '2026-05-23 19:50:40.617656');

-- Table: coupon (1 rows)
DELETE FROM "coupon";
INSERT INTO "coupon" ("id", "code", "type", "discount", "threshold", "usage_limit", "expiry_date", "is_active") VALUES (2, 'SAVE10', 'percentage', 10.0, 999.0, 1, '2026-06-03 00:00:00', TRUE);

-- Table: order (5 rows)
DELETE FROM "order";
INSERT INTO "order" ("id", "order_number", "user_id", "date", "total_amount", "status", "coupon_code", "discount_amount") VALUES (1, 'D26051705221539UT', 1, '2026-05-17 05:22:16.097043', '₹2,999', 'Paid', NULL, 0.0);
INSERT INTO "order" ("id", "order_number", "user_id", "date", "total_amount", "status", "coupon_code", "discount_amount") VALUES (3, 'D260517083557BCMV', 1, '2026-05-17 08:35:58.139066', '₹3,299', 'Processing (COD)', NULL, 0.0);
INSERT INTO "order" ("id", "order_number", "user_id", "date", "total_amount", "status", "coupon_code", "discount_amount") VALUES (4, 'D2605221513171P86', 1, '2026-05-22 15:13:17.567097', '₹799', 'Processing (COD)', NULL, 0.0);
INSERT INTO "order" ("id", "order_number", "user_id", "date", "total_amount", "status", "coupon_code", "discount_amount") VALUES (2, 'D2605170824570RIQ', 1, '2026-05-17 08:24:58.081956', '₹699', 'Processing (COD)', NULL, 0.0);
INSERT INTO "order" ("id", "order_number", "user_id", "date", "total_amount", "status", "coupon_code", "discount_amount") VALUES (5, 'D260602135020HUZW', 1, '2026-06-02 13:50:20.889398', '₹13,499.1', 'Processing', 'SAVE10', 1499.9);

-- Table: order_item (5 rows)
DELETE FROM "order_item";
INSERT INTO "order_item" ("id", "order_id", "product_id", "quantity", "price_at_time", "variation_id", "variation_label") VALUES (1, 1, 'minimal-dome-ring', 1, 'Rs. 2,999', NULL, NULL);
INSERT INTO "order_item" ("id", "order_id", "product_id", "quantity", "price_at_time", "variation_id", "variation_label") VALUES (2, 2, 'necklace', 1, '₹600', NULL, NULL);
INSERT INTO "order_item" ("id", "order_id", "product_id", "quantity", "price_at_time", "variation_id", "variation_label") VALUES (3, 3, 'stackable-ring-set', 1, 'Rs. 3,299', NULL, NULL);
INSERT INTO "order_item" ("id", "order_id", "product_id", "quantity", "price_at_time", "variation_id", "variation_label") VALUES (4, 4, 'kada-6', 1, '₹700', 5, 'gold: pure gold 18k');
INSERT INTO "order_item" ("id", "order_id", "product_id", "quantity", "price_at_time", "variation_id", "variation_label") VALUES (5, 5, 'golden-maple-pearl-necklace', 1, '₹14,999', NULL, NULL);

-- Table: product (96 rows)
DELETE FROM "product";
INSERT INTO "product" ("id", "name", "cat_name", "category_id", "sub_category_id", "brand_id", "price", "orig", "badge", "img", "desc", "sizes", "colors", "size_chart", "product_type", "stock_status", "is_featured", "materials", "care", "is_best_seller", "is_new_arrival", "seo_title", "seo_description", "focus_keyword", "meta_keywords", "product_tags") VALUES ('minimalist-chain', 'Black Starfish Anti Tarnish Pendant Set', 'Necklaces', 28, NULL, 1, '₹780', '₹1,560', 'New Arrival', 'https://res.cloudinary.com/dnetvfdvs/image/upload/v1780393650/dadson/products/mixfkerzksffzmtkmume.jpg', 'Add a touch of luxury to your jewelry collection with this beautifully crafted DADSON Jewelry piece. Made for women who love stylish, lightweight, and long-lasting accessories, this design offers a rich look without being heavy or uncomfortable. Its elegant finish makes it easy to style with western, ethnic, casual, and party wear outfits. Perfect for daily use, special occasions, and thoughtful gifting.', NULL, NULL, NULL, 'simple', 'instock', TRUE, 'Crafted with high-quality anti-tarnish material and finished with fine detailing, this jewelry is designed to maintain its shine and beauty for a long time. Each piece is carefully made with smooth edges, elegant finishing, and a comfortable lightweight feel. The premium coating helps protect the jewelry from dullness and gives it a lasting golden shine.', 'Avoid perfume and chemicals. Store in a dry pouch or jewelry box after use. Clean with a soft dry cloth to keep your DADSON Jewelry shining longer.', TRUE, TRUE, 'Black Starfish Pendant Set | DADSON Jewelry', 'Stylish black starfish pendant set from DADSON Jewelry. Anti tarnish, trendy, lightweight, and perfect for parties, vacations, and gifting.', 'Black starfish pendant set', 'starfish pendant set, black pendant set, anti tarnish jewelry, beach style jewelry, women necklace set, DADSON Jewelry', '#StarfishPendantSet #BlackJewelry #AntiTarnishJewelry #TrendyJewelry #DADSONJewelry #PartyWearJewelry #VacationJewelry');
INSERT INTO "product" ("id", "name", "cat_name", "category_id", "sub_category_id", "brand_id", "price", "orig", "badge", "img", "desc", "sizes", "colors", "size_chart", "product_type", "stock_status", "is_featured", "materials", "care", "is_best_seller", "is_new_arrival", "seo_title", "seo_description", "focus_keyword", "meta_keywords", "product_tags") VALUES ('minimal-dome-ring', 'Minimal Dome Ring', 'Rings', 30, NULL, NULL, 'Rs. 2,999', NULL, NULL, 'https://res.cloudinary.com/dnetvfdvs/image/upload/v1778176991/dadson/products/ig89b6uvtclrrdxzr1o0.jpg', 'Vermeil Finish', NULL, NULL, NULL, 'simple', 'instock', TRUE, NULL, NULL, FALSE, FALSE, NULL, NULL, NULL, NULL, NULL);
INSERT INTO "product" ("id", "name", "cat_name", "category_id", "sub_category_id", "brand_id", "price", "orig", "badge", "img", "desc", "sizes", "colors", "size_chart", "product_type", "stock_status", "is_featured", "materials", "care", "is_best_seller", "is_new_arrival", "seo_title", "seo_description", "focus_keyword", "meta_keywords", "product_tags") VALUES ('stackable-ring-set', 'Stackable Ring Set', 'Rings', 30, NULL, NULL, '₹499', NULL, 'None', 'https://res.cloudinary.com/dnetvfdvs/image/upload/v1778176988/dadson/products/elwvjndk2uyebrd7elxr.jpg', 'Silver & Gold Mix', NULL, NULL, NULL, 'simple', 'instock', TRUE, 'None', 'None', TRUE, TRUE, NULL, NULL, NULL, NULL, NULL);
INSERT INTO "product" ("id", "name", "cat_name", "category_id", "sub_category_id", "brand_id", "price", "orig", "badge", "img", "desc", "sizes", "colors", "size_chart", "product_type", "stock_status", "is_featured", "materials", "care", "is_best_seller", "is_new_arrival", "seo_title", "seo_description", "focus_keyword", "meta_keywords", "product_tags") VALUES ('watch-2', 'DADSON Sapphire Blue Crystal Bracelet Watch for Women (W-03)', 'Watch', 6, NULL, 1, '₹555', '₹999', 'New Arrival', 'https://res.cloudinary.com/dnetvfdvs/image/upload/v1780426027/dadson/products/ko2n3y1fopvwnewoqbts.jpg', 'Add a touch of luxury to your jewelry collection with this beautifully crafted DADSON Jewelry piece. Made for women who love stylish, lightweight, and long-lasting accessories, this design offers a rich look without being heavy or uncomfortable. Its elegant finish makes it easy to style with western, ethnic, casual, and party wear outfits. Perfect for daily use, special occasions, and thoughtful gifting.', NULL, NULL, 'https://res.cloudinary.com/dnetvfdvs/image/upload/v1780426029/dadson/size_charts/tc5hgw66rxhgt97kes7v.jpg', 'simple', 'instock', FALSE, 'Crafted with high-quality anti-tarnish material and finished with fine detailing, this jewelry is designed to maintain its shine and beauty for a long time. Each piece is carefully made with smooth edges, elegant finishing, and a comfortable lightweight feel. The premium coating helps protect the jewelry from dullness and gives it a lasting golden shine.', 'Avoid perfume and chemicals. Store in a dry pouch or jewelry box after use. Clean with a soft dry cloth to keep your DADSON Jewelry shining longer.', FALSE, TRUE, 'DADSON Blue Crystal Bracelet Watch for Women', 'Beautiful sapphire blue crystal bracelet watch with a premium gold-tone finish. A perfect accessory for modern women who love elegance and style.', 'Blue Crystal Bracelet Watch', 'blue crystal watch, sapphire watch, bracelet watch women, luxury ladies watch, gold watch, designer watch, party wear watch, fashion accessories, dadson jewelry', '#DadsonJewelry #BlueWatch #SapphireWatch #CrystalWatch #LuxuryWatch #WomenAccessories #FashionWatch #GiftForWomen #ElegantJewelry #DailyWearWatch #PartyWearWatch');
INSERT INTO "product" ("id", "name", "cat_name", "category_id", "sub_category_id", "brand_id", "price", "orig", "badge", "img", "desc", "sizes", "colors", "size_chart", "product_type", "stock_status", "is_featured", "materials", "care", "is_best_seller", "is_new_arrival", "seo_title", "seo_description", "focus_keyword", "meta_keywords", "product_tags") VALUES ('luxury-gold--black--white-colo', 'Luxury Gold  Black & White Color Anti-Tarnish Kada  (MINIKADA-06)', 'Kada', 26, NULL, 1, '₹520', '₹999', 'New Arrival', 'https://res.cloudinary.com/dnetvfdvs/image/upload/v1780583758/dadson/products/cfbl500godp9nzppiga6.jpg', 'Add a bold, elegant touch to your look with this Gold Enamel Oval Kada Bracelet. Crafted in a polished gold-tone finish with glossy enamel detailing and sparkling crystal accents, this anti-tarnish cuff is designed to stay beautiful through daily wear. Its wide statement design makes it ideal for festive occasions, parties, and elevated everyday styling.

• Anti-tarnish & water-resistant
• Designed to maintain its shine with proper care.
• Premium gold-tone finish
• A rich polished look with a luxurious feel.
• Comfortable cuff style
• Easy to wear and suitable for festive and everyday outfits.', NULL, NULL, 'https://res.cloudinary.com/dnetvfdvs/image/upload/v1780583759/dadson/size_charts/ros4ehkfvmibict0i8r2.jpg', 'simple', 'instock', FALSE, 'Crafted with high-quality anti-tarnish material and finished with fine detailing, this jewelry is designed to maintain its shine and beauty for a long time. Each piece is carefully made with smooth edges, elegant finishing, and a comfortable lightweight feel. The premium coating helps protect the jewelry from dullness and gives it a lasting golden shine.', 'To maximize shine and longevity, avoid direct contact with perfumes, harsh chemicals, and prolonged moisture exposure. Store in a dry place when not in use.', FALSE, FALSE, 'Luxury Gold Anti-Tarnish Kada Bracelet | Waterproof Jewelry', 'Shop this luxury gold anti-tarnish kada bracelet with premium enamel detailing. Waterproof, tarnish-resistant, lightweight, and perfect for daily wear.', 'Gold Anti-Tarnish Kada Bracelet', 'anti tarnish kada, gold kada bracelet, waterproof jewelry, luxury bracelet for women, enamel kada bracelet, daily wear bracelet, stainless steel jewelry, tarnish resistant bracelet, premium kada, statement bracelet, fashion jewelry, Dadson Jewelry', '#AntiTarnishJewelry #GoldKada #LuxuryJewelry #WaterproofJewelry #DailyWearJewelry #StatementBracelet #PremiumJewelry #FashionAccessories #BraceletForWomen #TarnishFreeJewelry #DadsonJewelry #TrendingJewelry');
INSERT INTO "product" ("id", "name", "cat_name", "category_id", "sub_category_id", "brand_id", "price", "orig", "badge", "img", "desc", "sizes", "colors", "size_chart", "product_type", "stock_status", "is_featured", "materials", "care", "is_best_seller", "is_new_arrival", "seo_title", "seo_description", "focus_keyword", "meta_keywords", "product_tags") VALUES ('luxury-gold-white-color-anti-t', 'Luxury Gold White Color Anti-Tarnish Kada (MINIKADA-03)', 'Kada', 26, NULL, 1, '₹520', '₹999', 'New Arrival', 'https://res.cloudinary.com/dnetvfdvs/image/upload/v1780584827/dadson/products/a0nemam68fh3wzmcc4eb.jpg', 'Add a bold, elegant touch to your look with this Gold Enamel Oval Kada Bracelet. Crafted in a polished gold-tone finish with glossy enamel detailing and sparkling crystal accents, this anti-tarnish cuff is designed to stay beautiful through daily wear. Its wide statement design makes it ideal for festive occasions, parties, and elevated everyday styling.

• Anti-tarnish & water-resistant
• Designed to maintain its shine with proper care.
• Premium gold-tone finish
• A rich polished look with a luxurious feel.
• Comfortable cuff style
• Easy to wear and suitable for festive and everyday outfits.', NULL, NULL, 'https://res.cloudinary.com/dnetvfdvs/image/upload/v1780584828/dadson/size_charts/lkj7tfl3tkytbivmzzcj.jpg', 'simple', 'instock', FALSE, 'Crafted with high-quality anti-tarnish material and finished with fine detailing, this jewelry is designed to maintain its shine and beauty for a long time. Each piece is carefully made with smooth edges, elegant finishing, and a comfortable lightweight feel. The premium coating helps protect the jewelry from dullness and gives it a lasting golden shine.', 'To maximize shine and longevity, avoid direct contact with perfumes, harsh chemicals, and prolonged moisture exposure. Store in a dry place when not in use.', FALSE, FALSE, 'Luxury Gold Anti-Tarnish Kada Bracelet | Waterproof Jewelry', 'Shop this luxury gold anti-tarnish kada bracelet with premium enamel detailing. Waterproof, tarnish-resistant, lightweight, and perfect for daily wear.', 'Gold Anti-Tarnish Kada Bracelet', 'anti tarnish kada, gold kada bracelet, waterproof jewelry, luxury bracelet for women, enamel kada bracelet, daily wear bracelet, stainless steel jewelry, tarnish resistant bracelet, premium kada, statement bracelet, fashion jewelry, Dadson Jewelry', '#AntiTarnishJewelry #GoldKada #LuxuryJewelry #WaterproofJewelry #DailyWearJewelry #StatementBracelet #PremiumJewelry #FashionAccessories #BraceletForWomen #TarnishFreeJewelry #DadsonJewelry #TrendingJewelry');
INSERT INTO "product" ("id", "name", "cat_name", "category_id", "sub_category_id", "brand_id", "price", "orig", "badge", "img", "desc", "sizes", "colors", "size_chart", "product_type", "stock_status", "is_featured", "materials", "care", "is_best_seller", "is_new_arrival", "seo_title", "seo_description", "focus_keyword", "meta_keywords", "product_tags") VALUES ('necklace', 'Pearl Circle Anti Tarnish Pendant Set', 'Necklaces', 28, NULL, 1, '₹780', '₹1,560', 'New Arrival', 'https://res.cloudinary.com/dnetvfdvs/image/upload/v1780393731/dadson/products/xbocwmlxgz688lrznd5l.jpg', 'Add a touch of luxury to your jewelry collection with this beautifully crafted DADSON Jewelry piece. Made for women who love stylish, lightweight, and long-lasting accessories, this design offers a rich look without being heavy or uncomfortable. Its elegant finish makes it easy to style with western, ethnic, casual, and party wear outfits. Perfect for daily use, special occasions, and thoughtful gifting.', NULL, NULL, NULL, 'simple', 'instock', TRUE, 'Crafted with high-quality anti-tarnish material and finished with fine detailing, this jewelry is designed to maintain its shine and beauty for a long time. Each piece is carefully made with smooth edges, elegant finishing, and a comfortable lightweight feel. The premium coating helps protect the jewelry from dullness and gives it a lasting golden shine.', 'Avoid perfume and chemicals. Store in a dry pouch or jewelry box after use. Clean with a soft dry cloth to keep your DADSON Jewelry shining longer.', TRUE, TRUE, 'Pearl Circle Pendant Set for Women | DADSON JEWELRY', 'DADSON pearl circle pendant set with matching earrings. Premium anti tarnish jewelry for elegant daily wear, festive styling, and gifting.', 'Pearl circle pendant set', 'pearl pendant set, circle pendant set, anti tarnish jewelry, women pendant set, gold necklace set, DADSON Jewelry', 'pearl pendant set, circle pendant set, anti tarnish jewelry, women pendant set, gold necklace set, DADSON Jewelry');
INSERT INTO "product" ("id", "name", "cat_name", "category_id", "sub_category_id", "brand_id", "price", "orig", "badge", "img", "desc", "sizes", "colors", "size_chart", "product_type", "stock_status", "is_featured", "materials", "care", "is_best_seller", "is_new_arrival", "seo_title", "seo_description", "focus_keyword", "meta_keywords", "product_tags") VALUES ('blue-heart-anti-tarnish-pendan', 'Blue Heart Anti Tarnish Pendant Set', 'Necklaces', 28, NULL, 1, '₹715', NULL, 'New Arrival', 'https://res.cloudinary.com/dnetvfdvs/image/upload/v1780395396/dadson/products/oh9puyth5lae3x2q7soa.jpg', 'Add a touch of luxury to your jewelry collection with this beautifully crafted DADSON Jewelry piece. Made for women who love stylish, lightweight, and long-lasting accessories, this design offers a rich look without being heavy or uncomfortable. Its elegant finish makes it easy to style with western, ethnic, casual, and party wear outfits. Perfect for daily use, special occasions, and thoughtful gifting.', NULL, NULL, NULL, 'simple', 'instock', FALSE, 'Crafted with high-quality anti-tarnish material and finished with fine detailing, this jewelry is designed to maintain its shine and beauty for a long time. Each piece is carefully made with smooth edges, elegant finishing, and a comfortable lightweight feel. The premium coating helps protect the jewelry from dullness and gives it a lasting golden shine.', 'Avoid perfume, water, sweat, and chemicals. Store in a dry pouch or jewelry box after use. Clean with a soft dry cloth to keep your DADSON Jewelry shining longer.', FALSE, FALSE, 'Blue Heart Pendant Set for Women | DADSON Jewelry', 'Shop DADSON blue heart pendant set with matching earrings. Anti tarnish, lightweight, stylish jewelry for daily wear, party looks, and gifting.', 'Blue heart pendant set', 'blue heart pendant set, heart pendant necklace, anti tarnish jewelry, pendant set for women, DADSON Jewelry, daily wear jewelry', '#BlueHeartPendantSet #HeartJewelry #AntiTarnishJewelry #PendantSet #WomenJewelry #DailyWearJewelry #DADSONJewelry #GiftForWomen');
INSERT INTO "product" ("id", "name", "cat_name", "category_id", "sub_category_id", "brand_id", "price", "orig", "badge", "img", "desc", "sizes", "colors", "size_chart", "product_type", "stock_status", "is_featured", "materials", "care", "is_best_seller", "is_new_arrival", "seo_title", "seo_description", "focus_keyword", "meta_keywords", "product_tags") VALUES ('pastel-flower-anti-tarnish-pen', 'Pastel Flower Anti Tarnish Pendant Set', 'Necklaces', 28, NULL, 1, '₹600', '₹1,200', 'New Arrival', 'https://res.cloudinary.com/dnetvfdvs/image/upload/v1780397291/dadson/products/vunh44gky7cix2ley7go.jpg', 'Add a touch of luxury to your jewelry collection with this beautifully crafted DADSON Jewelry piece. Made for women who love stylish, lightweight, and long-lasting accessories, this design offers a rich look without being heavy or uncomfortable. Its elegant finish makes it easy to style with western, ethnic, casual, and party wear outfits. Perfect for daily use, special occasions, and thoughtful gifting.', NULL, NULL, 'https://res.cloudinary.com/dnetvfdvs/image/upload/v1780397292/dadson/size_charts/tkbv4kkbgq4zka4fpxpx.jpg', 'simple', 'instock', TRUE, 'Crafted with high-quality anti-tarnish material and finished with fine detailing, this jewelry is designed to maintain its shine and beauty for a long time. Each piece is carefully made with smooth edges, elegant finishing, and a comfortable lightweight feel. The premium coating helps protect the jewelry from dullness and gives it a lasting golden shine.', 'Avoid perfume, water, sweat, and chemicals. Store in a dry pouch or jewelry box after use. Clean with a soft dry cloth to keep your DADSON Jewelry shining longer.', TRUE, TRUE, 'Pastel Flower Pendant Set | DADSON Jewelry', 'Elegant pastel flower pendant set from DADSON Jewelry. Anti tarnish, stylish, lightweight, and perfect for daily wear, gifting, and festive looks.', 'Pastel flower pendant set', 'pastel flower pendant set, floral pendant set, anti tarnish jewelry, women jewelry, DADSON Jewelry, gift for women', '#PastelFlowerPendantSet #FloralJewelry #AntiTarnishJewelry #PendantSetForWomen #DADSONJewelry #GiftForWomen #DailyWearJewelry');
INSERT INTO "product" ("id", "name", "cat_name", "category_id", "sub_category_id", "brand_id", "price", "orig", "badge", "img", "desc", "sizes", "colors", "size_chart", "product_type", "stock_status", "is_featured", "materials", "care", "is_best_seller", "is_new_arrival", "seo_title", "seo_description", "focus_keyword", "meta_keywords", "product_tags") VALUES ('white-gold-beads-anti-tarnish', 'White Gold Beads Anti Tarnish Necklace', 'Bracelets', NULL, NULL, 1, '₹490', '₹999', 'New Arrival', 'https://res.cloudinary.com/dnetvfdvs/image/upload/v1780405644/dadson/products/yxyfppi5xuytqu3wviby.jpg', 'Add a touch of luxury to your jewelry collection with this beautifully crafted DADSON Jewelry piece. Made for women who love stylish, lightweight, and long-lasting accessories, this design offers a rich look without being heavy or uncomfortable. Its elegant finish makes it easy to style with western, ethnic, casual, and party wear outfits. Perfect for daily use, special occasions, and thoughtful gifting.

', NULL, NULL, 'https://res.cloudinary.com/dnetvfdvs/image/upload/v1780405645/dadson/size_charts/ojrt29zcvjrze4ab1rye.jpg', 'simple', 'instock', FALSE, 'Crafted with high-quality anti-tarnish material and finished with fine detailing, this jewelry is designed to maintain its shine and beauty for a long time. Each piece is carefully made with smooth edges, elegant finishing, and a comfortable lightweight feel. The premium coating helps protect the jewelry from dullness and gives it a lasting golden shine.

', 'Avoid perfume and chemicals. Store in a dry pouch or jewelry box after use. Clean with a soft dry cloth to keep your DADSON Jewelry shining longer.

', FALSE, FALSE, 'White Gold Beads Necklace | DADSON Jewelry', 'Premium white gold beads necklace by DADSON Jewelry. Anti tarnish, stylish, bold, and perfect for western outfits, parties, and gifting.', 'White gold beads necklace', 'white beads necklace, gold beads necklace, anti tarnish necklace, women necklace, DADSON Jewelry, statement jewelry', '#WhiteGoldBeadsNecklace #AntiTarnishJewelry #StatementNecklace #WomenJewelry #DADSONJewelry #PartyWearJewelry');
INSERT INTO "product" ("id", "name", "cat_name", "category_id", "sub_category_id", "brand_id", "price", "orig", "badge", "img", "desc", "sizes", "colors", "size_chart", "product_type", "stock_status", "is_featured", "materials", "care", "is_best_seller", "is_new_arrival", "seo_title", "seo_description", "focus_keyword", "meta_keywords", "product_tags") VALUES ('luxury-gold--peach--white-colo', 'Luxury Gold  Peach & White Color Anti-Tarnish Kada (MINIKADA-02)', 'Kada', 26, NULL, 1, '₹520', '₹999', 'New Arrival', 'https://res.cloudinary.com/dnetvfdvs/image/upload/v1780583748/dadson/products/gnipgadnqys1kd2awa1l.jpg', 'Add a bold, elegant touch to your look with this Gold Enamel Oval Kada Bracelet. Crafted in a polished gold-tone finish with glossy enamel detailing and sparkling crystal accents, this anti-tarnish cuff is designed to stay beautiful through daily wear. Its wide statement design makes it ideal for festive occasions, parties, and elevated everyday styling.

• Anti-tarnish & water-resistant
• Designed to maintain its shine with proper care.
• Premium gold-tone finish
• A rich polished look with a luxurious feel.
• Comfortable cuff style
• Easy to wear and suitable for festive and everyday outfits.', NULL, NULL, 'https://res.cloudinary.com/dnetvfdvs/image/upload/v1780583749/dadson/size_charts/kmxkfvcowqvklqtmsvfu.jpg', 'simple', 'instock', FALSE, 'Crafted with high-quality anti-tarnish material and finished with fine detailing, this jewelry is designed to maintain its shine and beauty for a long time. Each piece is carefully made with smooth edges, elegant finishing, and a comfortable lightweight feel. The premium coating helps protect the jewelry from dullness and gives it a lasting golden shine.', 'To maximize shine and longevity, avoid direct contact with perfumes, harsh chemicals, and prolonged moisture exposure. Store in a dry place when not in use.', TRUE, FALSE, 'Luxury Gold Anti-Tarnish Kada Bracelet | Waterproof Jewelry', 'Shop this luxury gold anti-tarnish kada bracelet with premium enamel detailing. Waterproof, tarnish-resistant, lightweight, and perfect for daily wear.', 'Gold Anti-Tarnish Kada Bracelet', 'anti tarnish kada, gold kada bracelet, waterproof jewelry, luxury bracelet for women, enamel kada bracelet, daily wear bracelet, stainless steel jewelry, tarnish resistant bracelet, premium kada, statement bracelet, fashion jewelry, Dadson Jewelry', '#AntiTarnishJewelry #GoldKada #LuxuryJewelry #WaterproofJewelry #DailyWearJewelry #StatementBracelet #PremiumJewelry #FashionAccessories #BraceletForWomen #TarnishFreeJewelry #DadsonJewelry #TrendingJewelry');
INSERT INTO "product" ("id", "name", "cat_name", "category_id", "sub_category_id", "brand_id", "price", "orig", "badge", "img", "desc", "sizes", "colors", "size_chart", "product_type", "stock_status", "is_featured", "materials", "care", "is_best_seller", "is_new_arrival", "seo_title", "seo_description", "focus_keyword", "meta_keywords", "product_tags") VALUES ('luxury-gold--blue-color-anti-t', 'Luxury Gold  Blue Color Anti-Tarnish Kada  (MINIKADA-05)', 'Kada', 26, NULL, NULL, '₹520', '₹999', 'New Arrival', 'https://res.cloudinary.com/dnetvfdvs/image/upload/v1780583754/dadson/products/uh6sfbylxbvmesufiodt.jpg', 'Add a bold, elegant touch to your look with this Gold Enamel Oval Kada Bracelet. Crafted in a polished gold-tone finish with glossy enamel detailing and sparkling crystal accents, this anti-tarnish cuff is designed to stay beautiful through daily wear. Its wide statement design makes it ideal for festive occasions, parties, and elevated everyday styling.

• Anti-tarnish & water-resistant
• Designed to maintain its shine with proper care.
• Premium gold-tone finish
• A rich polished look with a luxurious feel.
• Comfortable cuff style
• Easy to wear and suitable for festive and everyday outfits.', NULL, NULL, 'https://res.cloudinary.com/dnetvfdvs/image/upload/v1780583755/dadson/size_charts/z74chbks5hwioyjbbhmr.jpg', 'simple', 'instock', FALSE, 'Crafted with high-quality anti-tarnish material and finished with fine detailing, this jewelry is designed to maintain its shine and beauty for a long time. Each piece is carefully made with smooth edges, elegant finishing, and a comfortable lightweight feel. The premium coating helps protect the jewelry from dullness and gives it a lasting golden shine.', 'To maximize shine and longevity, avoid direct contact with perfumes, harsh chemicals, and prolonged moisture exposure. Store in a dry place when not in use.', FALSE, FALSE, 'Luxury Gold Anti-Tarnish Kada Bracelet | Waterproof Jewelry', 'Shop this luxury gold anti-tarnish kada bracelet with premium enamel detailing. Waterproof, tarnish-resistant, lightweight, and perfect for daily wear.', 'Gold Anti-Tarnish Kada Bracelet', 'anti tarnish kada, gold kada bracelet, waterproof jewelry, luxury bracelet for women, enamel kada bracelet, daily wear bracelet, stainless steel jewelry, tarnish resistant bracelet, premium kada, statement bracelet, fashion jewelry, Dadson Jewelry', '#AntiTarnishJewelry #GoldKada #LuxuryJewelry #WaterproofJewelry #DailyWearJewelry #StatementBracelet #PremiumJewelry #FashionAccessories #BraceletForWomen #TarnishFreeJewelry #DadsonJewelry #TrendingJewelry');
INSERT INTO "product" ("id", "name", "cat_name", "category_id", "sub_category_id", "brand_id", "price", "orig", "badge", "img", "desc", "sizes", "colors", "size_chart", "product_type", "stock_status", "is_featured", "materials", "care", "is_best_seller", "is_new_arrival", "seo_title", "seo_description", "focus_keyword", "meta_keywords", "product_tags") VALUES ('dadson-abstract-gold-anti-tarn', 'Abstract Gold Anti-Tarnish Kada Dadson Jewelry (KD-07)', 'Kada', 26, NULL, 1, '₹420', '₹840', 'Trendy Product', 'https://res.cloudinary.com/dnetvfdvs/image/upload/v1780664286/dadson/products/o10g1pyyabi91oqyomol.webp', 'Add a touch of luxury to your jewelry collection with this beautifully crafted DADSON Jewelry piece. Made for women who love stylish, lightweight, and long-lasting accessories, this design offers a rich look without being heavy or uncomfortable. Its elegant finish makes it easy to style with western, ethnic, casual, and party wear outfits. Perfect for daily use, special occasions, and thoughtful gifting.
', NULL, NULL, 'https://res.cloudinary.com/dnetvfdvs/image/upload/v1780664286/dadson/size_charts/goovh4okkqvyjsuduyta.webp', 'simple', 'instock', FALSE, 'Crafted with high-quality anti-tarnish material and finished with fine detailing, this jewelry is designed to maintain its shine and beauty for a long time. Each piece is carefully made with smooth edges, elegant finishing, and a comfortable lightweight feel. The premium coating helps protect the jewelry from dullness and gives it a lasting golden shine.', 'Avoid perfume, water, sweat, and chemicals. Store in a dry pouch or jewelry box after use. Clean with a soft dry cloth to keep your DADSON Jewelry shining longer.', FALSE, FALSE, 'Abstract Gold Statement Bracelet for Women | DADSON', 'Modern abstract openwork bracelet crafted with anti-tarnish finish. A bold statement accessory for parties, events, and fashionable everyday styling.', 'Abstract Gold Bracelet', 'abstract bracelet, statement bracelet, anti tarnish bracelet, gold bracelet women, designer cuff bracelet, fashion jewelry, DADSON Jewelry', '#StatementBracelet #GoldBracelet #AbstractJewelry #AntiTarnishJewelry #LuxuryJewelry #FashionAccessories #WomenJewelry #DADSONJewelry');
INSERT INTO "product" ("id", "name", "cat_name", "category_id", "sub_category_id", "brand_id", "price", "orig", "badge", "img", "desc", "sizes", "colors", "size_chart", "product_type", "stock_status", "is_featured", "materials", "care", "is_best_seller", "is_new_arrival", "seo_title", "seo_description", "focus_keyword", "meta_keywords", "product_tags") VALUES ('crystal-leaf-gold-bracelet-l-d', 'Crystal Leaf Gold Bracelet l Dadson Jewelry (KD-22)', 'Kada', 26, NULL, 1, '₹500', '₹999', 'Trendy Product', 'https://res.cloudinary.com/dnetvfdvs/image/upload/v1780665078/dadson/products/opewsk1xpowy1ecp9gg1.jpg', 'Add a touch of luxury to your jewelry collection with this beautifully crafted DADSON Jewelry piece. Made for women who love stylish, lightweight, and long-lasting accessories, this design offers a rich look without being heavy or uncomfortable. Its elegant finish makes it easy to style with western, ethnic, casual, and party wear outfits. Perfect for daily use, special occasions, and thoughtful gifting.', NULL, NULL, 'https://res.cloudinary.com/dnetvfdvs/image/upload/v1780665078/dadson/size_charts/tmuyjbgnclorqx2cfcrf.jpg', 'simple', 'instock', FALSE, 'Crafted with high-quality anti-tarnish material and finished with fine detailing, this jewelry is designed to maintain its shine and beauty for a long time. Each piece is carefully made with smooth edges, elegant finishing, and a comfortable lightweight feel. The premium coating helps protect the jewelry from dullness and gives it a lasting golden shine.', 'Avoid perfume and chemicals. Store in a dry pouch or jewelry box after use. Clean with a soft dry cloth to keep your DADSON Jewelry shining longer.', FALSE, FALSE, 'Crystal Leaf Gold Bracelet for Women l Dadson Jewellery', 'Beautiful crystal leaf bracelet crafted with an anti-tarnish finish. A graceful design for parties, festive occasions, and everyday elegance.', 'Crystal Leaf Bracelet', 'leaf bracelet, crystal bracelet, anti tarnish bracelet, gold bracelet for women, designer bracelet, dadson jewelry', '#LeafBracelet #CrystalBracelet #GoldBracelet #AntiTarnishJewellery #DADSONJewelry #WomenAccessories #PartyWearJewellery #ElegantJewellery #GiftForWomen #FashionStyle');
INSERT INTO "product" ("id", "name", "cat_name", "category_id", "sub_category_id", "brand_id", "price", "orig", "badge", "img", "desc", "sizes", "colors", "size_chart", "product_type", "stock_status", "is_featured", "materials", "care", "is_best_seller", "is_new_arrival", "seo_title", "seo_description", "focus_keyword", "meta_keywords", "product_tags") VALUES ('kada-5', 'Royal Blue Pearl Anti-Tarnish Bracelet Dadson Jewelry (KD-02)', 'Kada', 26, NULL, 1, '₹510', '₹999', 'New Arrival', 'https://res.cloudinary.com/dnetvfdvs/image/upload/v1780408315/dadson/products/kaeg0fhkjhzy7a9l2z71.jpg', 'Crafted with high-quality anti-tarnish material and finished with fine detailing, this jewelry is designed to maintain its shine and beauty for a long time. Each piece is carefully made with smooth edges, elegant finishing, and a comfortable lightweight feel. The premium coating helps protect the jewelry from dullness and gives it a lasting golden shine.

', NULL, NULL, 'https://res.cloudinary.com/dnetvfdvs/image/upload/v1780672537/dadson/size_charts/dnhzrk7ehsjrktnn2ahe.jpg', 'simple', 'instock', FALSE, 'Crafted with high-quality anti-tarnish material and finished with fine detailing, this jewelry is designed to maintain its shine and beauty for a long time. Each piece is carefully made with smooth edges, elegant finishing, and a comfortable lightweight feel. The premium coating helps protect the jewelry from dullness and gives it a lasting golden shine.

', 'Avoid perfume, water, sweat, and chemicals. Store in a dry pouch or jewelry box after use. Clean with a soft dry cloth to keep your DADSON Jewelry shining longer.

', FALSE, TRUE, 'Royal Blue Pearl Anti-Tarnish Bracelet for Women', 'Make a statement with this royal blue pearl bracelet featuring anti-tarnish gold plating. Elegant, unique, lightweight, and perfect for every occasion.', 'Blue Pearl Bracelet', 'blue bracelet, pearl bracelet, anti tarnish jewelry, designer bracelet, luxury bracelet, gold bracelet women, statement bracelet, DADSON Jewelry', '#BlueBracelet #PearlBracelet #AntiTarnishJewelry #LuxuryBracelet #FashionJewelry #WomenAccessories #StatementJewelry #GiftForHer #DADSONJewelry');
INSERT INTO "product" ("id", "name", "cat_name", "category_id", "sub_category_id", "brand_id", "price", "orig", "badge", "img", "desc", "sizes", "colors", "size_chart", "product_type", "stock_status", "is_featured", "materials", "care", "is_best_seller", "is_new_arrival", "seo_title", "seo_description", "focus_keyword", "meta_keywords", "product_tags") VALUES ('kada-2', 'Pearl Anti-Tarnish Gold Kada Dadson Jewelry (KD-01)', 'Kada', 26, NULL, 1, '₹510', '₹999', 'New Arrival', 'https://res.cloudinary.com/dnetvfdvs/image/upload/v1780672992/dadson/products/gmscsz5rimneu9x4iqxz.jpg', 'Crafted with high-quality anti-tarnish material and finished with fine detailing, this jewelry is designed to maintain its shine and beauty for a long time. Each piece is carefully made with smooth edges, elegant finishing, and a comfortable lightweight feel. The premium coating helps protect the jewelry from dullness and gives it a lasting golden shine.

', NULL, NULL, 'https://res.cloudinary.com/dnetvfdvs/image/upload/v1780665470/dadson/size_charts/fyybymlkq971b8iyyovs.jpg', 'simple', 'instock', FALSE, 'Crafted with high-quality anti-tarnish material and finished with fine detailing, this jewelry is designed to maintain its shine and beauty for a long time. Each piece is carefully made with smooth edges, elegant finishing, and a comfortable lightweight feel. The premium coating helps protect the jewelry from dullness and gives it a lasting golden shine.

', 'Avoid perfume, water, sweat, and chemicals. Store in a dry pouch or jewelry box after use. Clean with a soft dry cloth to keep your DADSON Jewelry shining longer.

', TRUE, TRUE, 'DADSON Dual Pearl Anti-Tarnish Gold Bracelet for Women', 'Elegant dual pearl gold bracelet crafted with anti-tarnish finish. Lightweight, stylish, and perfect for daily wear, parties, gifting, and special occasions.', 'Dual Pearl Anti Tarnish Bracelet', 'dual pearl bracelet, anti tarnish bracelet, gold pearl bracelet, women bracelet, pearl cuff bracelet, designer bracelet, daily wear bracelet, DADSON Jewelry', '#PearlBracelet #AntiTarnishJewelry #GoldBracelet #WomenBracelet #PearlJewelry #DailyWearJewelry #LuxuryJewelry #GiftForWomen #FashionJewelry #DADSONJewelry');
INSERT INTO "product" ("id", "name", "cat_name", "category_id", "sub_category_id", "brand_id", "price", "orig", "badge", "img", "desc", "sizes", "colors", "size_chart", "product_type", "stock_status", "is_featured", "materials", "care", "is_best_seller", "is_new_arrival", "seo_title", "seo_description", "focus_keyword", "meta_keywords", "product_tags") VALUES ('dadson-modern-wave-anti-tarnis', 'Modern Wave Anti-Tarnish Gold Bracelet Dadson Jewelry (KD-08)', 'Kada', 26, NULL, 1, '₹420', '₹840', 'Trendy Product', 'https://res.cloudinary.com/dnetvfdvs/image/upload/v1780667358/dadson/products/ggszip83tsmra6p6tqoy.jpg', 'Add a touch of luxury to your jewelry collection with this beautifully crafted DADSON Jewelry piece. Made for women who love stylish, lightweight, and long-lasting accessories, this design offers a rich look without being heavy or uncomfortable. Its elegant finish makes it easy to style with western, ethnic, casual, and party wear outfits. Perfect for daily use, special occasions, and thoughtful gifting.
', NULL, NULL, 'https://res.cloudinary.com/dnetvfdvs/image/upload/v1780667358/dadson/size_charts/wea9fw62wq5aw6dy0fsh.jpg', 'simple', 'instock', TRUE, 'Crafted with high-quality anti-tarnish material and finished with fine detailing, this jewelry is designed to maintain its shine and beauty for a long time. Each piece is carefully made with smooth edges, elegant finishing, and a comfortable lightweight feel. The premium coating helps protect the jewelry from dullness and gives it a lasting golden shine.', 'Avoid perfume, water, sweat, and chemicals. Store in a dry pouch or jewelry box after use. Clean with a soft dry cloth to keep your DADSON Jewelry shining longer.', TRUE, FALSE, 'Modern Wave Gold Bracelet for Women | Anti Tarnish', 'Minimalist wave-design gold bracelet crafted with anti-tarnish finish. Stylish, lightweight, and ideal for everyday elegance and special occasions.', 'Gold Wave Bracelet', 'wave bracelet, gold bracelet, anti tarnish bracelet, modern bracelet, women jewelry, designer bracelet, DADSON Jewelry', '#WaveBracelet #GoldBracelet #AntiTarnishJewelry #MinimalJewelry #ModernJewelry #WomenAccessories #FashionJewelry #DADSONJewelry');
INSERT INTO "product" ("id", "name", "cat_name", "category_id", "sub_category_id", "brand_id", "price", "orig", "badge", "img", "desc", "sizes", "colors", "size_chart", "product_type", "stock_status", "is_featured", "materials", "care", "is_best_seller", "is_new_arrival", "seo_title", "seo_description", "focus_keyword", "meta_keywords", "product_tags") VALUES ('dadson-layered-gold-anti-tarni', 'Layered Gold Anti-Tarnish Kada Bracelet Dadson Jewelry (KD-10)', 'Kada', 26, NULL, 1, '₹375', '₹599', 'Trendy Product', 'https://res.cloudinary.com/dnetvfdvs/image/upload/v1780667851/dadson/products/yttguhmkiza7uxsf6f8u.jpg', 'Add a touch of luxury to your jewelry collection with this beautifully crafted DADSON Jewelry piece. Made for women who love stylish, lightweight, and long-lasting accessories, this design offers a rich look without being heavy or uncomfortable. Its elegant finish makes it easy to style with western, ethnic, casual, and party wear outfits. Perfect for daily use, special occasions, and thoughtful gifting.', NULL, NULL, 'https://res.cloudinary.com/dnetvfdvs/image/upload/v1780667850/dadson/size_charts/mo6kh9dpyormg4woozhz.jpg', 'simple', 'instock', FALSE, 'Crafted with high-quality anti-tarnish material and finished with fine detailing, this jewelry is designed to maintain its shine and beauty for a long time. Each piece is carefully made with smooth edges, elegant finishing, and a comfortable lightweight feel. The premium coating helps protect the jewelry from dullness and gives it a lasting golden shine.', 'Avoid perfume, water, sweat, and chemicals. Store in a dry pouch or jewelry box after use. Clean with a soft dry cloth to keep your DADSON Jewelry shining longer.', TRUE, FALSE, 'Layered Gold Anti-Tarnish Kada Bracelet for Women', 'Trendy layered gold kada bracelet featuring an anti-tarnish finish. Perfect for daily wear, festive occasions, parties, and modern styling.', 'Layered Gold Kada', 'gold kada, layered bracelet, anti tarnish kada, women bracelet, fashion jewelry, gold cuff bracelet, DADSON Jewelry', '#GoldKada #LayeredBracelet #AntiTarnishJewelry #WomenJewelry #FashionBracelet #LuxuryJewelry #DailyWearJewelry #DADSONJewelry');
INSERT INTO "product" ("id", "name", "cat_name", "category_id", "sub_category_id", "brand_id", "price", "orig", "badge", "img", "desc", "sizes", "colors", "size_chart", "product_type", "stock_status", "is_featured", "materials", "care", "is_best_seller", "is_new_arrival", "seo_title", "seo_description", "focus_keyword", "meta_keywords", "product_tags") VALUES ('kada-6', 'DADSON Multi-Layer Gold Anti-Tarnish Kada', 'Kada', 26, NULL, 1, '₹300', '₹600', 'New Arrival', 'https://res.cloudinary.com/dnetvfdvs/image/upload/v1780408272/dadson/products/boedfrdebf4h1vk7icfa.jpg', 'Crafted with high-quality anti-tarnish material and finished with fine detailing, this jewelry is designed to maintain its shine and beauty for a long time. Each piece is carefully made with smooth edges, elegant finishing, and a comfortable lightweight feel. The premium coating helps protect the jewelry from dullness and gives it a lasting golden shine.

', NULL, NULL, 'https://res.cloudinary.com/dnetvfdvs/image/upload/v1780408273/dadson/size_charts/n6xz0xuark4cpnmkust5.jpg', 'simple', 'instock', FALSE, 'Crafted with high-quality anti-tarnish material and finished with fine detailing, this jewelry is designed to maintain its shine and beauty for a long time. Each piece is carefully made with smooth edges, elegant finishing, and a comfortable lightweight feel. The premium coating helps protect the jewelry from dullness and gives it a lasting golden shine.

', 'Avoid perfume, water, sweat, and chemicals. Store in a dry pouch or jewelry box after use. Clean with a soft dry cloth to keep your DADSON Jewelry shining longer.

', FALSE, TRUE, 'Multi-Layer Gold Anti-Tarnish Kada Bracelet for Women', 'Stylish multi-layer gold kada with anti-tarnish finish. Trendy, lightweight, and ideal for casual wear, office wear, parties, and gifting.', 'Gold Anti Tarnish Kada', 'gold kada, anti tarnish kada, women bracelet, gold cuff bracelet, fashion kada, trendy bracelet, layered bracelet, DADSON Jewelry', '#GoldKada #AntiTarnishKada #WomenBracelet #GoldJewelry #FashionJewelry #DailyWearJewelry #TrendyJewelry #GiftForWomen #DADSONJewelry');
INSERT INTO "product" ("id", "name", "cat_name", "category_id", "sub_category_id", "brand_id", "price", "orig", "badge", "img", "desc", "sizes", "colors", "size_chart", "product_type", "stock_status", "is_featured", "materials", "care", "is_best_seller", "is_new_arrival", "seo_title", "seo_description", "focus_keyword", "meta_keywords", "product_tags") VALUES ('dadson-classic-pearl-anti-tarn', 'DADSON Classic Pearl Anti-Tarnish Open Bracelet', 'Kada', 26, NULL, 1, '₹410', '₹820', 'Trendy Product', 'https://res.cloudinary.com/dnetvfdvs/image/upload/v1780412062/dadson/products/lprnzcmcyybehhlieuez.jpg', 'Add a touch of luxury to your jewelry collection with this beautifully crafted DADSON Jewelry piece. Made for women who love stylish, lightweight, and long-lasting accessories, this design offers a rich look without being heavy or uncomfortable. Its elegant finish makes it easy to style with western, ethnic, casual, and party wear outfits. Perfect for daily use, special occasions, and thoughtful gifting.
', NULL, NULL, NULL, 'simple', 'instock', FALSE, 'Crafted with high-quality anti-tarnish material and finished with fine detailing, this jewelry is designed to maintain its shine and beauty for a long time. Each piece is carefully made with smooth edges, elegant finishing, and a comfortable lightweight feel. The premium coating helps protect the jewelry from dullness and gives it a lasting golden shine.', 'Avoid perfume, water, sweat, and chemicals. Store in a dry pouch or jewelry box after use. Clean with a soft dry cloth to keep your DADSON Jewelry shining longer.', FALSE, FALSE, 'Classic Pearl Anti-Tarnish Bracelet for Women', 'Timeless dual pearl bracelet with anti-tarnish gold finish. Elegant, lightweight, and perfect for office wear, daily wear, parties, and gifting.', 'Pearl Anti Tarnish Bracelet', 'pearl bracelet, gold pearl bracelet, anti tarnish bracelet, women jewelry, elegant bracelet, cuff bracelet, DADSON Jewelry', '#PearlBracelet #GoldBracelet #AntiTarnishJewelry #WomenAccessories #ElegantJewelry #LuxuryBracelet #GiftForWomen #DADSONJewelry');
INSERT INTO "product" ("id", "name", "cat_name", "category_id", "sub_category_id", "brand_id", "price", "orig", "badge", "img", "desc", "sizes", "colors", "size_chart", "product_type", "stock_status", "is_featured", "materials", "care", "is_best_seller", "is_new_arrival", "seo_title", "seo_description", "focus_keyword", "meta_keywords", "product_tags") VALUES ('dadson-leaf-design-anti-tarnis', 'DADSON Leaf Design Anti-Tarnish Gold Cuff Bracelet', 'Kada', 26, NULL, 1, '₹320', '₹640', 'New Arrival', 'https://res.cloudinary.com/dnetvfdvs/image/upload/v1780408383/dadson/products/tdbv8dew3iqxbd5lz1nv.jpg', 'Crafted with high-quality anti-tarnish material and finished with fine detailing, this jewelry is designed to maintain its shine and beauty for a long time. Each piece is carefully made with smooth edges, elegant finishing, and a comfortable lightweight feel. The premium coating helps protect the jewelry from dullness and gives it a lasting golden shine.
', NULL, NULL, 'https://res.cloudinary.com/dnetvfdvs/image/upload/v1780408384/dadson/size_charts/ueqr0hd1v2nyf7a1lcnm.jpg', 'simple', 'instock', FALSE, 'Crafted with high-quality anti-tarnish material and finished with fine detailing, this jewelry is designed to maintain its shine and beauty for a long time. Each piece is carefully made with smooth edges, elegant finishing, and a comfortable lightweight feel. The premium coating helps protect the jewelry from dullness and gives it a lasting golden shine.

', 'Avoid perfume, water, sweat, and chemicals. Store in a dry pouch or jewelry box after use. Clean with a soft dry cloth to keep your DADSON Jewelry shining longer.

', FALSE, FALSE, 'Leaf Design Gold Anti-Tarnish Cuff Bracelet for Women', 'Modern leaf-inspired cuff bracelet with anti-tarnish finish. Bold, fashionable, and perfect for elevating your everyday and occasion wear looks.', 'Leaf Design Gold Cuff Bracelet', 'leaf cuff bracelet, gold cuff bracelet, anti tarnish bracelet, designer bracelet, women fashion jewelry, statement cuff, DADSON Jewelry', '#LeafBracelet #GoldCuff #AntiTarnishJewelry #StatementJewelry #WomenAccessories #LuxuryJewelry #FashionBracelet #GiftForWomen #DADSONJewelry');
INSERT INTO "product" ("id", "name", "cat_name", "category_id", "sub_category_id", "brand_id", "price", "orig", "badge", "img", "desc", "sizes", "colors", "size_chart", "product_type", "stock_status", "is_featured", "materials", "care", "is_best_seller", "is_new_arrival", "seo_title", "seo_description", "focus_keyword", "meta_keywords", "product_tags") VALUES ('layered-gold-statement-cuff-br', 'Layered Gold Statement Cuff Bracelet l Dadson Jewelry (KD-11)', 'Kada', 26, NULL, 1, '₹420', '₹820', 'New Arrival', 'https://res.cloudinary.com/dnetvfdvs/image/upload/v1780489648/dadson/products/zsq4faqkysok7onpwxfc.jpg', 'Add a touch of luxury to your jewelry collection with this beautifully crafted DADSON Jewelry piece. Made for women who love stylish, lightweight, and long-lasting accessories, this design offers a rich look without being heavy or uncomfortable. Its elegant finish makes it easy to style with western, ethnic, casual, and party wear outfits. Perfect for daily use, special occasions, and thoughtful gifting.', NULL, NULL, 'https://res.cloudinary.com/dnetvfdvs/image/upload/v1780489649/dadson/size_charts/ri8j4lavz4p4mecffwtu.jpg', 'simple', 'instock', FALSE, 'Crafted with high-quality anti-tarnish material and finished with fine detailing, this jewelry is designed to maintain its shine and beauty for a long time. Each piece is carefully made with smooth edges, elegant finishing, and a comfortable lightweight feel. The premium coating helps protect the jewelry from dullness and gives it a lasting golden shine.', 'Avoid perfume and chemicals. Store in a dry pouch or jewelry box after use. Clean with a soft dry cloth to keep your DADSON Jewelry shining longer.', FALSE, FALSE, 'Layered Gold Statement Cuff Bracelet for Women Dadson Jewelry', 'Elevate your style with this layered gold statement cuff bracelet from DADSON Jewelry. Anti-tarnish finish, lightweight, elegant, and perfect for daily wear.', 'Layered Gold Cuff Bracelet', 'layered gold cuff bracelet, anti tarnish bracelet, gold cuff bracelet for women, statement bracelet, designer cuff bracelet, daily wear bracelet, dadson jewelry', '#LayeredBracelet #GoldCuffBracelet #StatementBracelet #AntiTarnishJewellery #DADSONJewelry #WomenBracelet #DailyWearJewellery #LuxuryStyle #FashionJewellery #GiftForWomen');
INSERT INTO "product" ("id", "name", "cat_name", "category_id", "sub_category_id", "brand_id", "price", "orig", "badge", "img", "desc", "sizes", "colors", "size_chart", "product_type", "stock_status", "is_featured", "materials", "care", "is_best_seller", "is_new_arrival", "seo_title", "seo_description", "focus_keyword", "meta_keywords", "product_tags") VALUES ('crystal-line-gold-kada-l-dadso', 'Crystal Line Gold kada l Dadson Jewelry (KD-15)', 'Kada', 26, NULL, 1, '₹485', '₹1,560', 'Trendy Product', 'https://res.cloudinary.com/dnetvfdvs/image/upload/v1780490387/dadson/products/j6uikgl3ama1biybelto.jpg', 'Add a touch of luxury to your jewelry collection with this beautifully crafted DADSON Jewelry piece. Made for women who love stylish, lightweight, and long-lasting accessories, this design offers a rich look without being heavy or uncomfortable. Its elegant finish makes it easy to style with western, ethnic, casual, and party wear outfits. Perfect for daily use, special occasions, and thoughtful gifting.', NULL, NULL, 'https://res.cloudinary.com/dnetvfdvs/image/upload/v1780490388/dadson/size_charts/lcje2pkajcfykjpmetno.jpg', 'simple', 'instock', FALSE, 'Crafted with high-quality anti-tarnish material and finished with fine detailing, this jewelry is designed to maintain its shine and beauty for a long time. Each piece is carefully made with smooth edges, elegant finishing, and a comfortable lightweight feel. The premium coating helps protect the jewelry from dullness and gives it a lasting golden shine.', 'Avoid perfume and chemicals. Store in a dry pouch or jewelry box after use. Clean with a soft dry cloth to keep your DADSON Jewelry shining longer.', FALSE, FALSE, 'Crystal Line Gold Bangle for Women', 'Elegant crystal line gold bangle featuring anti-tarnish protection and premium shine. Ideal for daily wear, office wear, and gifting.', 'Crystal Gold Bangle', 'crystal bangle, gold bangle for women, anti tarnish bangle, daily wear jewelry, women bracelet, dadson jewelry', '#CrystalBangle #GoldBangle #AntiTarnishJewellery #DADSONJewelry #WomenJewellery #DailyWearBangle #ElegantJewellery #OfficeWearJewellery #GiftForWomen #FashionStyle');
INSERT INTO "product" ("id", "name", "cat_name", "category_id", "sub_category_id", "brand_id", "price", "orig", "badge", "img", "desc", "sizes", "colors", "size_chart", "product_type", "stock_status", "is_featured", "materials", "care", "is_best_seller", "is_new_arrival", "seo_title", "seo_description", "focus_keyword", "meta_keywords", "product_tags") VALUES ('dadson-pink-dial-luxury-bracel', 'DADSON Pink Dial Luxury Bracelet Watch for Women (W-08)', 'Watch', 6, NULL, 1, '₹575', '₹999', 'Trendy Product', 'https://res.cloudinary.com/dnetvfdvs/image/upload/v1780426326/dadson/products/sbpajcecwj2eh7bz980u.jpg', 'Add a touch of luxury to your jewelry collection with this beautifully crafted DADSON Jewelry piece. Made for women who love stylish, lightweight, and long-lasting accessories, this design offers a rich look without being heavy or uncomfortable. Its elegant finish makes it easy to style with western, ethnic, casual, and party wear outfits. Perfect for daily use, special occasions, and thoughtful gifting.', NULL, NULL, 'https://res.cloudinary.com/dnetvfdvs/image/upload/v1780426327/dadson/size_charts/w3gnbjoy2fdbrnewojwr.jpg', 'simple', 'instock', FALSE, 'Crafted with high-quality anti-tarnish material and finished with fine detailing, this jewelry is designed to maintain its shine and beauty for a long time. Each piece is carefully made with smooth edges, elegant finishing, and a comfortable lightweight feel. The premium coating helps protect the jewelry from dullness and gives it a lasting golden shine.', 'Avoid perfume and chemicals. Store in a dry pouch or jewelry box after use. Clean with a soft dry cloth to keep your DADSON Jewelry shining longer.', FALSE, FALSE, 'DADSON Pink Dial Bracelet Watch for Women', 'Elegant pink dial bracelet watch with crystal detailing and a premium gold-tone finish. Perfect for parties, gifting, and everyday elegance.', 'Pink Dial Bracelet Watch', 'pink dial watch, women bracelet watch, crystal watch, luxury watch women, gold watch, ladies wrist watch, elegant accessories, dadson jewelry', '#DadsonJewelry #PinkWatch #LuxuryWatch #BraceletWatch #WomenFashion #ElegantWatch #GiftForHer #CrystalWatch #PartyWearWatch #PremiumAccessories');
INSERT INTO "product" ("id", "name", "cat_name", "category_id", "sub_category_id", "brand_id", "price", "orig", "badge", "img", "desc", "sizes", "colors", "size_chart", "product_type", "stock_status", "is_featured", "materials", "care", "is_best_seller", "is_new_arrival", "seo_title", "seo_description", "focus_keyword", "meta_keywords", "product_tags") VALUES ('crystal-screw-design-bangle-ka', 'Crystal Screw Design Bangle Kada l Dadson Kada (KD-17)', 'Kada', 26, NULL, 1, '₹760', '₹1,560', 'Trendy Product', 'https://res.cloudinary.com/dnetvfdvs/image/upload/v1780491623/dadson/products/ou6kigzomflcznjnlcdn.jpg', 'Add a touch of luxury to your jewelry collection with this beautifully crafted DADSON Jewelry piece. Made for women who love stylish, lightweight, and long-lasting accessories, this design offers a rich look without being heavy or uncomfortable. Its elegant finish makes it easy to style with western, ethnic, casual, and party wear outfits. Perfect for daily use, special occasions, and thoughtful gifting.', NULL, NULL, 'https://res.cloudinary.com/dnetvfdvs/image/upload/v1780491624/dadson/size_charts/b7yfq2fknp6t4kidenr3.jpg', 'simple', 'instock', FALSE, 'Crafted with high-quality anti-tarnish material and finished with fine detailing, this jewelry is designed to maintain its shine and beauty for a long time. Each piece is carefully made with smooth edges, elegant finishing, and a comfortable lightweight feel. The premium coating helps protect the jewelry from dullness and gives it a lasting golden shine.', 'Avoid perfume and chemicals. Store in a dry pouch or jewelry box after use. Clean with a soft dry cloth to keep your DADSON Jewelry shining longer.', FALSE, FALSE, 'Crystal Screw Design Gold Bangle for Women', 'Stylish crystal-studded screw design bangle with anti-tarnish finish. A modern luxury accessory for daily and party wear.', 'Crystal Screw Bangle', 'screw design bangle, crystal bangle, anti tarnish bangle, gold bracelet, women jewelry, dadson jewelry', '#CrystalBangle #ScrewDesignBangle #GoldBangle #AntiTarnishJewellery #DADSONJewelry #WomenJewellery #LuxuryAccessories #GiftForWomen #PartyWearJewellery #FashionStyle');
INSERT INTO "product" ("id", "name", "cat_name", "category_id", "sub_category_id", "brand_id", "price", "orig", "badge", "img", "desc", "sizes", "colors", "size_chart", "product_type", "stock_status", "is_featured", "materials", "care", "is_best_seller", "is_new_arrival", "seo_title", "seo_description", "focus_keyword", "meta_keywords", "product_tags") VALUES ('ruby-stone-open-bracelet-kd-13', 'Ruby Stone Open Bracelet (KD-13)', 'Kada', 26, NULL, 1, '₹500', '₹999', 'Trendy Product', 'https://res.cloudinary.com/dnetvfdvs/image/upload/v1780489983/dadson/products/lihif4otvecf0lxniw7k.jpg', 'Add a touch of luxury to your jewelry collection with this beautifully crafted DADSON Jewelry piece. Made for women who love stylish, lightweight, and long-lasting accessories, this design offers a rich look without being heavy or uncomfortable. Its elegant finish makes it easy to style with western, ethnic, casual, and party wear outfits. Perfect for daily use, special occasions, and thoughtful gifting.', NULL, NULL, 'https://res.cloudinary.com/dnetvfdvs/image/upload/v1780489985/dadson/size_charts/lbcocjrl79ymnqabkc5q.jpg', 'simple', 'instock', FALSE, 'Crafted with high-quality anti-tarnish material and finished with fine detailing, this jewelry is designed to maintain its shine and beauty for a long time. Each piece is carefully made with smooth edges, elegant finishing, and a comfortable lightweight feel. The premium coating helps protect the jewelry from dullness and gives it a lasting golden shine.', 'Avoid perfume and chemicals. Store in a dry pouch or jewelry box after use. Clean with a soft dry cloth to keep your DADSON Jewelry shining longer.', FALSE, FALSE, 'Ruby Stone Open Bracelet for Women', 'Elegant ruby stone open bracelet with anti-tarnish finish. Lightweight and stylish design suitable for everyday elegance and special occasions.', 'Ruby Stone Bracelet', 'ruby bracelet, stone bracelet for women, anti tarnish jewelry, gold bracelet, women bracelet, fashion bracelet, dadson jewelry', '#RubyBracelet #StoneBracelet #GoldBracelet #AntiTarnishJewellery #DADSONJewelry #WomenBracelet #PartyWearJewellery #ElegantStyle #GiftForWomen #FashionAccessories');
INSERT INTO "product" ("id", "name", "cat_name", "category_id", "sub_category_id", "brand_id", "price", "orig", "badge", "img", "desc", "sizes", "colors", "size_chart", "product_type", "stock_status", "is_featured", "materials", "care", "is_best_seller", "is_new_arrival", "seo_title", "seo_description", "focus_keyword", "meta_keywords", "product_tags") VALUES ('watch-3', 'DADSON Emerald Green Crystal Bracelet Watch for Women (W-02)', 'Watch', 6, NULL, 1, '₹555', '₹1,599', 'Trendy Product', 'https://res.cloudinary.com/dnetvfdvs/image/upload/v1780425892/dadson/products/odn0dbza0kdj6ykonvs6.jpg', 'Add a touch of luxury to your jewelry collection with this beautifully crafted DADSON Jewelry piece. Made for women who love stylish, lightweight, and long-lasting accessories, this design offers a rich look without being heavy or uncomfortable. Its elegant finish makes it easy to style with western, ethnic, casual, and party wear outfits. Perfect for daily use, special occasions, and thoughtful gifting.', NULL, NULL, 'https://res.cloudinary.com/dnetvfdvs/image/upload/v1780425893/dadson/size_charts/oinyp1f3rnv3lxujptxn.jpg', 'simple', 'instock', FALSE, 'Crafted with high-quality anti-tarnish material and finished with fine detailing, this jewelry is designed to maintain its shine and beauty for a long time. Each piece is carefully made with smooth edges, elegant finishing, and a comfortable lightweight feel. The premium coating helps protect the jewelry from dullness and gives it a lasting golden shine.', 'Avoid perfume and chemicals. Store in a dry pouch or jewelry box after use. Clean with a soft dry cloth to keep your DADSON Jewelry shining longer.', TRUE, FALSE, 'DADSON Green Crystal Bracelet Watch for Women', 'Premium green crystal bracelet watch featuring a luxurious gold finish. Perfect for parties, weddings, festive wear, and elegant everyday styling.', 'Green Crystal Bracelet Watch', 'green crystal watch, emerald bracelet watch, women fashion watch, gold bracelet watch, ladies watch, luxury watch for women, designer watch, stylish wrist watch, dadson jewelry', '#DadsonJewelry #GreenWatch #EmeraldWatch #CrystalBraceletWatch #LuxuryAccessories #WomenWatch #FashionWatch #ElegantStyle #GiftForHer #PartyWear #PremiumJewelry #TrendingWatch');
INSERT INTO "product" ("id", "name", "cat_name", "category_id", "sub_category_id", "brand_id", "price", "orig", "badge", "img", "desc", "sizes", "colors", "size_chart", "product_type", "stock_status", "is_featured", "materials", "care", "is_best_seller", "is_new_arrival", "seo_title", "seo_description", "focus_keyword", "meta_keywords", "product_tags") VALUES ('royal-leaf-gold-cuff-bracelet', 'Royal Leaf Gold Cuff Bracelet Dadson Jewelry (KD-14)', 'Kada', 26, NULL, 1, '₹420', '₹820', 'Trendy Product', 'https://res.cloudinary.com/dnetvfdvs/image/upload/v1780490153/dadson/products/m3fzsvsj2fkdapnglwio.jpg', 'Add a touch of luxury to your jewelry collection with this beautifully crafted DADSON Jewelry piece. Made for women who love stylish, lightweight, and long-lasting accessories, this design offers a rich look without being heavy or uncomfortable. Its elegant finish makes it easy to style with western, ethnic, casual, and party wear outfits. Perfect for daily use, special occasions, and thoughtful gifting.', NULL, NULL, 'https://res.cloudinary.com/dnetvfdvs/image/upload/v1780490154/dadson/size_charts/yg41semdru7gyspz39cu.jpg', 'simple', 'instock', FALSE, 'Crafted with high-quality anti-tarnish material and finished with fine detailing, this jewelry is designed to maintain its shine and beauty for a long time. Each piece is carefully made with smooth edges, elegant finishing, and a comfortable lightweight feel. The premium coating helps protect the jewelry from dullness and gives it a lasting golden shine.', 'Avoid perfume and chemicals. Store in a dry pouch or jewelry box after use. Clean with a soft dry cloth to keep your DADSON Jewelry shining longer.', FALSE, FALSE, 'Royal Leaf Gold Cuff Bracelet for Women', 'Premium leaf-inspired gold cuff bracelet with intricate detailing and anti-tarnish finish. Perfect for festive, party, and daily wear.', 'Leaf Gold Cuff Bracelet', 'leaf cuff bracelet, gold cuff bracelet, anti tarnish bracelet, designer bracelet, women bracelet, fashion jewelry, dadson jewelry', '#LeafBracelet #GoldCuff #AntiTarnishJewellery #DADSONJewelry #WomenBracelet #LuxuryJewellery #FashionAccessories #PartyWearJewellery #GiftForWomen #ElegantBracelet');
INSERT INTO "product" ("id", "name", "cat_name", "category_id", "sub_category_id", "brand_id", "price", "orig", "badge", "img", "desc", "sizes", "colors", "size_chart", "product_type", "stock_status", "is_featured", "materials", "care", "is_best_seller", "is_new_arrival", "seo_title", "seo_description", "focus_keyword", "meta_keywords", "product_tags") VALUES ('leaf-sparkle-gold-kada-l-dadso', 'Leaf Sparkle Gold Kada l Dadson Jewelry (KD-16)', 'Kada', 26, NULL, 1, '₹485', '₹999', 'Trendy Product', 'https://res.cloudinary.com/dnetvfdvs/image/upload/v1780490537/dadson/products/ggumicqqjvizqyqcha5f.jpg', 'Add a touch of luxury to your jewelry collection with this beautifully crafted DADSON Jewelry piece. Made for women who love stylish, lightweight, and long-lasting accessories, this design offers a rich look without being heavy or uncomfortable. Its elegant finish makes it easy to style with western, ethnic, casual, and party wear outfits. Perfect for daily use, special occasions, and thoughtful gifting.', NULL, NULL, 'https://res.cloudinary.com/dnetvfdvs/image/upload/v1780490538/dadson/size_charts/jp47hakakxlinx6yqcug.jpg', 'simple', 'instock', FALSE, 'Crafted with high-quality anti-tarnish material and finished with fine detailing, this jewelry is designed to maintain its shine and beauty for a long time. Each piece is carefully made with smooth edges, elegant finishing, and a comfortable lightweight feel. The premium coating helps protect the jewelry from dullness and gives it a lasting golden shine.', 'Avoid perfume and chemicals. Store in a dry pouch or jewelry box after use. Clean with a soft dry cloth to keep your DADSON Jewelry shining longer.', FALSE, FALSE, 'Leaf Sparkle Gold Bracelet for Women', 'Beautiful leaf-inspired gold bracelet with sparkling stone accents and anti-tarnish finish. Stylish and comfortable for everyday wear.', 'Leaf Gold Bracelet', 'leaf bracelet, gold bracelet, anti tarnish jewelry, women bracelet, stylish bracelet, fashion jewelry, dadson jewelry', '#LeafBracelet #GoldBracelet #AntiTarnishJewellery #DADSONJewelry #FashionJewellery #WomenAccessories #ElegantBracelet #GiftForWomen #DailyWearJewellery #LuxuryStyle');
INSERT INTO "product" ("id", "name", "cat_name", "category_id", "sub_category_id", "brand_id", "price", "orig", "badge", "img", "desc", "sizes", "colors", "size_chart", "product_type", "stock_status", "is_featured", "materials", "care", "is_best_seller", "is_new_arrival", "seo_title", "seo_description", "focus_keyword", "meta_keywords", "product_tags") VALUES ('watch-1', 'DADSON Luxury Crystal Bracelet Watch for Women – Gold Tone (W-01)', 'Watch', 6, NULL, 1, '₹610', '₹1,220', 'Trendy Product', 'https://res.cloudinary.com/dnetvfdvs/image/upload/v1780425774/dadson/products/fwoefxmrnj5jp385n2ru.jpg', 'Add a touch of luxury to your jewelry collection with this beautifully crafted DADSON Jewelry piece. Made for women who love stylish, lightweight, and long-lasting accessories, this design offers a rich look without being heavy or uncomfortable. Its elegant finish makes it easy to style with western, ethnic, casual, and party wear outfits. Perfect for daily use, special occasions, and thoughtful gifting.', NULL, NULL, 'https://res.cloudinary.com/dnetvfdvs/image/upload/v1780425775/dadson/size_charts/g2qknwvhu59i6wokkwi7.jpg', 'simple', 'instock', FALSE, 'Crafted with high-quality anti-tarnish material and finished with fine detailing, this jewelry is designed to maintain its shine and beauty for a long time. Each piece is carefully made with smooth edges, elegant finishing, and a comfortable lightweight feel. The premium coating helps protect the jewelry from dullness and gives it a lasting golden shine.', 'Avoid perfume and chemicals. Store in a dry pouch or jewelry box after use. Clean with a soft dry cloth to keep your DADSON Jewelry shining longer.', FALSE, FALSE, 'DADSON Gold Crystal Bracelet Watch for Women', 'Elegant gold-tone bracelet watch with sparkling crystal accents. Stylish, lightweight, and perfect for daily wear, parties, gifting, and special occasions.', 'Gold Crystal Bracelet Watch for Women', 'gold bracelet watch, women wrist watch, crystal bracelet watch, ladies fashion watch, luxury women watch, gold watch for women, stylish wrist watch, party wear watch, daily wear watch, dadson jewelry', '#DadsonJewelry #LuxuryWatch #GoldWatch #WomenWatch #CrystalWatch #BraceletWatch #FashionWatch #ElegantWatch #PartyWearWatch #DailyWearWatch #GiftForWomen #StylishAccessories #LadiesWatch #PremiumWatch #TrendyFashion');
INSERT INTO "product" ("id", "name", "cat_name", "category_id", "sub_category_id", "brand_id", "price", "orig", "badge", "img", "desc", "sizes", "colors", "size_chart", "product_type", "stock_status", "is_featured", "materials", "care", "is_best_seller", "is_new_arrival", "seo_title", "seo_description", "focus_keyword", "meta_keywords", "product_tags") VALUES ('dadson-green-dial-crystal-brac', 'DADSON Green Dial Crystal Bracelet Watch for Women (W-09)', 'Watch', 6, NULL, 1, '₹575', '₹999', 'New Arrival', 'https://res.cloudinary.com/dnetvfdvs/image/upload/v1780426388/dadson/products/skpfwpz2rhhawwmenpk4.jpg', 'Add a touch of luxury to your jewelry collection with this beautifully crafted DADSON Jewelry piece. Made for women who love stylish, lightweight, and long-lasting accessories, this design offers a rich look without being heavy or uncomfortable. Its elegant finish makes it easy to style with western, ethnic, casual, and party wear outfits. Perfect for daily use, special occasions, and thoughtful gifting.', NULL, NULL, 'https://res.cloudinary.com/dnetvfdvs/image/upload/v1780426389/dadson/size_charts/lrxod6ozofzhqmg9vpox.jpg', 'simple', 'instock', FALSE, 'Crafted with high-quality anti-tarnish material and finished with fine detailing, this jewelry is designed to maintain its shine and beauty for a long time. Each piece is carefully made with smooth edges, elegant finishing, and a comfortable lightweight feel. The premium coating helps protect the jewelry from dullness and gives it a lasting golden shine.', 'Avoid perfume and chemicals. Store in a dry pouch or jewelry box after use. Clean with a soft dry cloth to keep your DADSON Jewelry shining longer.', FALSE, FALSE, 'DADSON Green Dial Crystal Watch for Women', 'Luxury green dial bracelet watch with sparkling crystal accents and a gold-tone finish. Stylish, lightweight, and perfect for every occasion.', 'Green Dial Crystal Watch', 'green dial watch, crystal bracelet watch, women luxury watch, ladies fashion watch, gold watch, designer watch, party wear watch, dadson jewelry', '#DadsonJewelry #GreenDialWatch #CrystalWatch #BraceletWatch #WomenWatch #LuxuryStyle #FashionAccessories #GiftForWomen #ElegantJewelry #TrendingWatch');
INSERT INTO "product" ("id", "name", "cat_name", "category_id", "sub_category_id", "brand_id", "price", "orig", "badge", "img", "desc", "sizes", "colors", "size_chart", "product_type", "stock_status", "is_featured", "materials", "care", "is_best_seller", "is_new_arrival", "seo_title", "seo_description", "focus_keyword", "meta_keywords", "product_tags") VALUES ('dadson-evil-eye-bracelet-watch', 'DADSON Evil Eye Bracelet Watch for Women – Gold Tone (W-07)', 'Watch', 6, NULL, 1, '₹635', '₹820', 'New Arrival', 'https://res.cloudinary.com/dnetvfdvs/image/upload/v1780426512/dadson/products/ljbxozrmqpclhthhhfpr.jpg', 'Add a touch of luxury to your jewelry collection with this beautifully crafted DADSON Jewelry piece. Made for women who love stylish, lightweight, and long-lasting accessories, this design offers a rich look without being heavy or uncomfortable. Its elegant finish makes it easy to style with western, ethnic, casual, and party wear outfits. Perfect for daily use, special occasions, and thoughtful gifting.', NULL, NULL, 'https://res.cloudinary.com/dnetvfdvs/image/upload/v1780426513/dadson/size_charts/zjnnwjijddqps5qk8drc.jpg', 'simple', 'instock', FALSE, 'Crafted with high-quality anti-tarnish material and finished with fine detailing, this jewelry is designed to maintain its shine and beauty for a long time. Each piece is carefully made with smooth edges, elegant finishing, and a comfortable lightweight feel. The premium coating helps protect the jewelry from dullness and gives it a lasting golden shine.', 'Avoid perfume and chemicals. Store in a dry pouch or jewelry box after use. Clean with a soft dry cloth to keep your DADSON Jewelry shining longer.', FALSE, FALSE, 'DADSON Evil Eye Bracelet Watch for Women', 'Trendy evil eye bracelet watch with a gold-tone finish. Stylish, elegant, and perfect for daily wear, gifting, and protection-inspired fashion.', 'Evil Eye Bracelet Watch', 'evil eye watch, bracelet watch women, protection jewelry watch, gold watch women, fashion watch, trendy accessories, ladies watch, dadson jewelry', '#DadsonJewelry #EvilEyeWatch #BraceletWatch #WomenWatch #FashionJewelry #LuxuryAccessories #GiftForWomen #DailyWearStyle #TrendyWatch #ElegantFashion');
INSERT INTO "product" ("id", "name", "cat_name", "category_id", "sub_category_id", "brand_id", "price", "orig", "badge", "img", "desc", "sizes", "colors", "size_chart", "product_type", "stock_status", "is_featured", "materials", "care", "is_best_seller", "is_new_arrival", "seo_title", "seo_description", "focus_keyword", "meta_keywords", "product_tags") VALUES ('dadson-pearl-bracelet-watch-fo', 'DADSON Pearl Bracelet Watch for Women – Gold Finish (W-04)', 'Watch', 6, NULL, 1, '₹635', '₹999', 'Trendy Product', 'https://res.cloudinary.com/dnetvfdvs/image/upload/v1780426540/dadson/products/bghvuhwnwkehooadaxhm.jpg', 'Add a touch of luxury to your jewelry collection with this beautifully crafted DADSON Jewelry piece. Made for women who love stylish, lightweight, and long-lasting accessories, this design offers a rich look without being heavy or uncomfortable. Its elegant finish makes it easy to style with western, ethnic, casual, and party wear outfits. Perfect for daily use, special occasions, and thoughtful gifting.', NULL, NULL, 'https://res.cloudinary.com/dnetvfdvs/image/upload/v1780426541/dadson/size_charts/qqlddohne2bziwxohbqs.jpg', 'simple', 'instock', FALSE, 'Crafted with high-quality anti-tarnish material and finished with fine detailing, this jewelry is designed to maintain its shine and beauty for a long time. Each piece is carefully made with smooth edges, elegant finishing, and a comfortable lightweight feel. The premium coating helps protect the jewelry from dullness and gives it a lasting golden shine.', 'Avoid perfume and chemicals. Store in a dry pouch or jewelry box after use. Clean with a soft dry cloth to keep your DADSON Jewelry shining longer.', FALSE, FALSE, 'DADSON Pearl Bracelet Watch for Women', 'Elegant pearl bracelet watch crafted with a gold-tone finish. Lightweight, stylish, and ideal for office wear, daily wear, and gifting.', 'Pearl Bracelet Watch', 'pearl watch women, pearl bracelet watch, ladies wrist watch, gold watch, elegant watch, office wear watch, daily wear watch, fashion accessories, dadson jewelry', '#DadsonJewelry #PearlWatch #BraceletWatch #WomenWatch #ElegantStyle #LuxuryAccessories #GiftForWomen #OfficeWear #DailyWear #FashionJewelry #PremiumWatch');
INSERT INTO "product" ("id", "name", "cat_name", "category_id", "sub_category_id", "brand_id", "price", "orig", "badge", "img", "desc", "sizes", "colors", "size_chart", "product_type", "stock_status", "is_featured", "materials", "care", "is_best_seller", "is_new_arrival", "seo_title", "seo_description", "focus_keyword", "meta_keywords", "product_tags") VALUES ('dadson-multicolor-stone-bracel', 'DADSON Multicolor Stone Bracelet Watch for Women (W-05)', 'Watch', 6, NULL, 1, '₹635', '₹999', 'New Arrival', 'https://res.cloudinary.com/dnetvfdvs/image/upload/v1780426667/dadson/products/eesuelladvpzuncppl9e.jpg', 'Add a touch of luxury to your jewelry collection with this beautifully crafted DADSON Jewelry piece. Made for women who love stylish, lightweight, and long-lasting accessories, this design offers a rich look without being heavy or uncomfortable. Its elegant finish makes it easy to style with western, ethnic, casual, and party wear outfits. Perfect for daily use, special occasions, and thoughtful gifting.', NULL, NULL, 'https://res.cloudinary.com/dnetvfdvs/image/upload/v1780426669/dadson/size_charts/rb5qj150cfklglqkfhaa.jpg', 'simple', 'instock', FALSE, 'Crafted with high-quality anti-tarnish material and finished with fine detailing, this jewelry is designed to maintain its shine and beauty for a long time. Each piece is carefully made with smooth edges, elegant finishing, and a comfortable lightweight feel. The premium coating helps protect the jewelry from dullness and gives it a lasting golden shine.', 'Avoid perfume and chemicals. Store in a dry pouch or jewelry box after use. Clean with a soft dry cloth to keep your DADSON Jewelry shining longer.', FALSE, FALSE, 'DADSON Multicolor Stone Bracelet Watch for Women', 'Stylish multicolor stone bracelet watch with a premium gold-tone finish. Perfect for women who love colorful and trendy fashion accessories.', 'Multicolor Stone Bracelet Watch', 'pearl crescent earrings, anti tarnish earrings, pearl earrings for women, gold earrings, crescent earrings, trendy earrings, daily wear earrings, party wear earrings, women jewellery, DADSON jewelry, anti tarnish jewellery, gift earrings for women', '#DadsonJewelry #MulticolorWatch #StoneWatch #BraceletWatch #WomenAccessories #FashionWatch #LuxuryStyle #GiftForHer #TrendyWatch #DailyWearFashion');
INSERT INTO "product" ("id", "name", "cat_name", "category_id", "sub_category_id", "brand_id", "price", "orig", "badge", "img", "desc", "sizes", "colors", "size_chart", "product_type", "stock_status", "is_featured", "materials", "care", "is_best_seller", "is_new_arrival", "seo_title", "seo_description", "focus_keyword", "meta_keywords", "product_tags") VALUES ('chain-link-gold-kada-l-dadson', 'Chain Link Gold Kada l Dadson Jewelry (KD-19)', 'Kada', 26, NULL, 1, '₹380', '₹760', 'Trendy Product', 'https://res.cloudinary.com/dnetvfdvs/image/upload/v1780492345/dadson/products/uglh4jiyfworuzkapbhj.jpg', 'Add a touch of luxury to your jewelry collection with this beautifully crafted DADSON Jewelry piece. Made for women who love stylish, lightweight, and long-lasting accessories, this design offers a rich look without being heavy or uncomfortable. Its elegant finish makes it easy to style with western, ethnic, casual, and party wear outfits. Perfect for daily use, special occasions, and thoughtful gifting.', NULL, NULL, 'https://res.cloudinary.com/dnetvfdvs/image/upload/v1780492346/dadson/size_charts/et0tjfu5yxvnep30xxkt.jpg', 'simple', 'instock', FALSE, 'Crafted with high-quality anti-tarnish material and finished with fine detailing, this jewelry is designed to maintain its shine and beauty for a long time. Each piece is carefully made with smooth edges, elegant finishing, and a comfortable lightweight feel. The premium coating helps protect the jewelry from dullness and gives it a lasting golden shine.', 'Avoid perfume and chemicals. Store in a dry pouch or jewelry box after use. Clean with a soft dry cloth to keep your DADSON Jewelry shining longer.', FALSE, FALSE, 'Chain Link Gold Kada for Women l Dadson Jewelry', 'Trendy chain link gold bangle with anti-tarnish finish. Lightweight and stylish accessory for casual, office, and party wear.', 'Chain Link Gold Bangle', 'chain link bangle, gold bracelet, anti tarnish bracelet, women jewelry, fashion bracelet, dadson jewelry', '#ChainLinkBangle #GoldBracelet #AntiTarnishJewellery #DADSONJewelry #WomenJewellery #TrendyAccessories #DailyWearJewellery #FashionStyle #GiftForWomen #LuxuryLook');
INSERT INTO "product" ("id", "name", "cat_name", "category_id", "sub_category_id", "brand_id", "price", "orig", "badge", "img", "desc", "sizes", "colors", "size_chart", "product_type", "stock_status", "is_featured", "materials", "care", "is_best_seller", "is_new_arrival", "seo_title", "seo_description", "focus_keyword", "meta_keywords", "product_tags") VALUES ('gold-cuff-bracelet-l-dadson-je', 'Gold Cuff Bracelet l Dadson Jewelry (KD-12)', 'Kada', 26, NULL, 1, '₹420', '₹999', 'Trendy Product', 'https://res.cloudinary.com/dnetvfdvs/image/upload/v1780489792/dadson/products/yh5lgismn0c4l4wrexue.jpg', 'Add a touch of luxury to your jewelry collection with this beautifully crafted DADSON Jewelry piece. Made for women who love stylish, lightweight, and long-lasting accessories, this design offers a rich look without being heavy or uncomfortable. Its elegant finish makes it easy to style with western, ethnic, casual, and party wear outfits. Perfect for daily use, special occasions, and thoughtful gifting.', NULL, NULL, 'https://res.cloudinary.com/dnetvfdvs/image/upload/v1780489793/dadson/size_charts/mzubjby6eepceiwljv1h.jpg', 'simple', 'instock', FALSE, 'Crafted with high-quality anti-tarnish material and finished with fine detailing, this jewelry is designed to maintain its shine and beauty for a long time. Each piece is carefully made with smooth edges, elegant finishing, and a comfortable lightweight feel. The premium coating helps protect the jewelry from dullness and gives it a lasting golden shine.', 'Avoid perfume and chemicals. Store in a dry pouch or jewelry box after use. Clean with a soft dry cloth to keep your DADSON Jewelry shining longer.', FALSE, FALSE, 'Gold Cuff Bracelet for Women l Dadson Jewelry', 'Stylish bamboo-inspired gold cuff bracelet crafted with an anti-tarnish finish. Lightweight, trendy, and ideal for daily and party wear.', 'Bamboo Gold Cuff Bracelet', 'bamboo cuff bracelet, gold bracelet for women, anti tarnish bracelet, designer bracelet, daily wear jewelry, cuff bracelet, dadson jewelry', '#BambooBracelet #GoldBracelet #AntiTarnishJewellery #DADSONJewelry #WomenAccessories #DailyWearBracelet #FashionJewellery #TrendyBracelet #GiftForWomen #LuxuryLook');
INSERT INTO "product" ("id", "name", "cat_name", "category_id", "sub_category_id", "brand_id", "price", "orig", "badge", "img", "desc", "sizes", "colors", "size_chart", "product_type", "stock_status", "is_featured", "materials", "care", "is_best_seller", "is_new_arrival", "seo_title", "seo_description", "focus_keyword", "meta_keywords", "product_tags") VALUES ('dadson-tiger-eye-stone-bracele', 'DADSON Tiger Eye Stone Bracelet Watch for Women (W-06)', 'Watch', 6, NULL, 1, '₹635', '₹820', 'Trendy Product', 'https://res.cloudinary.com/dnetvfdvs/image/upload/v1780453661/dadson/products/aqwsu76jyol4lnk1997g.jpg', 'Add a touch of luxury to your jewelry collection with this beautifully crafted DADSON Jewelry piece. Made for women who love stylish, lightweight, and long-lasting accessories, this design offers a rich look without being heavy or uncomfortable. Its elegant finish makes it easy to style with western, ethnic, casual, and party wear outfits. Perfect for daily use, special occasions, and thoughtful gifting.', NULL, NULL, 'https://res.cloudinary.com/dnetvfdvs/image/upload/v1780453663/dadson/size_charts/gysqgmjz1pcgacuix6mr.jpg', 'simple', 'instock', FALSE, 'Crafted with high-quality anti-tarnish material and finished with fine detailing, this jewelry is designed to maintain its shine and beauty for a long time. Each piece is carefully made with smooth edges, elegant finishing, and a comfortable lightweight feel. The premium coating helps protect the jewelry from dullness and gives it a lasting golden shine.', 'Avoid perfume and chemicals. Store in a dry pouch or jewelry box after use. Clean with a soft dry cloth to keep your DADSON Jewelry shining longer.', FALSE, FALSE, 'DADSON Tiger Eye Stone Bracelet Watch for Women', 'Premium tiger eye stone bracelet watch featuring a sophisticated gold-tone finish. Designed for women who appreciate timeless elegance.', 'Tiger Eye Stone Bracelet Watch', 'tiger eye watch, stone bracelet watch, luxury watch women, fashion watch, ladies bracelet watch, gold watch, elegant watch, dadson jewelry', '#DadsonJewelry #TigerEyeWatch #StoneWatch #LuxuryWatch #WomenWatch #ElegantAccessories #FashionWatch #GiftForWomen #PremiumStyle #TrendingWatch');
INSERT INTO "product" ("id", "name", "cat_name", "category_id", "sub_category_id", "brand_id", "price", "orig", "badge", "img", "desc", "sizes", "colors", "size_chart", "product_type", "stock_status", "is_featured", "materials", "care", "is_best_seller", "is_new_arrival", "seo_title", "seo_description", "focus_keyword", "meta_keywords", "product_tags") VALUES ('crystal-leaf-gold-bangle-style', 'Crystal Leaf Gold Bangle Style Kada for Women l Dadson Jewelry (KD-18)', 'Kada', 26, NULL, 1, '₹385', '₹820', 'Trendy Product', 'https://res.cloudinary.com/dnetvfdvs/image/upload/v1780491804/dadson/products/hhlnghv1lkbg5d5ol1x3.jpg', 'Add a touch of luxury to your jewelry collection with this beautifully crafted DADSON Jewelry piece. Made for women who love stylish, lightweight, and long-lasting accessories, this design offers a rich look without being heavy or uncomfortable. Its elegant finish makes it easy to style with western, ethnic, casual, and party wear outfits. Perfect for daily use, special occasions, and thoughtful gifting.', NULL, NULL, 'https://res.cloudinary.com/dnetvfdvs/image/upload/v1780491805/dadson/size_charts/khw7cuko15umkahz9hvu.jpg', 'simple', 'instock', FALSE, 'Crafted with high-quality anti-tarnish material and finished with fine detailing, this jewelry is designed to maintain its shine and beauty for a long time. Each piece is carefully made with smooth edges, elegant finishing, and a comfortable lightweight feel. The premium coating helps protect the jewelry from dullness and gives it a lasting golden shine.', 'Avoid perfume and chemicals. Store in a dry pouch or jewelry box after use. Clean with a soft dry cloth to keep your DADSON Jewelry shining longer.', FALSE, FALSE, 'Crystal Leaf Gold Bangle Style Kada for Women l Dadson Jewelry', 'Elegant crystal leaf gold bangle with anti-tarnish finish and premium shine. Lightweight design suitable for every occasion.', 'Crystal Leaf Bangle', 'crystal leaf bangle, gold bangle, anti tarnish jewelry, women bracelet, designer bangle, dadson jewelry', '#CrystalLeafBangle #GoldBangle #AntiTarnishJewellery #DADSONJewelry #WomenAccessories #LuxuryJewellery #DailyWearJewellery #GiftForWomen #ElegantStyle #FashionBracelet');
INSERT INTO "product" ("id", "name", "cat_name", "category_id", "sub_category_id", "brand_id", "price", "orig", "badge", "img", "desc", "sizes", "colors", "size_chart", "product_type", "stock_status", "is_featured", "materials", "care", "is_best_seller", "is_new_arrival", "seo_title", "seo_description", "focus_keyword", "meta_keywords", "product_tags") VALUES ('panther-charm-white-bracelet-k', 'Panther Charm White Bracelet (KD-24)', 'Kada', 26, NULL, 1, '₹800', '₹1,599', 'Trendy Product', 'https://res.cloudinary.com/dnetvfdvs/image/upload/v1780494583/dadson/products/igrodih3nihizudg1jdi.jpg', 'Add a touch of luxury to your jewelry collection with this beautifully crafted DADSON Jewelry piece. Made for women who love stylish, lightweight, and long-lasting accessories, this design offers a rich look without being heavy or uncomfortable. Its elegant finish makes it easy to style with western, ethnic, casual, and party wear outfits. Perfect for daily use, special occasions, and thoughtful gifting.', NULL, NULL, 'https://res.cloudinary.com/dnetvfdvs/image/upload/v1780494585/dadson/size_charts/mjr2ydnco3la0fnmtntv.jpg', 'simple', 'instock', FALSE, 'Crafted with high-quality anti-tarnish material and finished with fine detailing, this jewelry is designed to maintain its shine and beauty for a long time. Each piece is carefully made with smooth edges, elegant finishing, and a comfortable lightweight feel. The premium coating helps protect the jewelry from dullness and gives it a lasting golden shine.', 'Avoid perfume and chemicals. Store in a dry pouch or jewelry box after use. Clean with a soft dry cloth to keep your DADSON Jewelry shining longer.', FALSE, FALSE, 'Cat Charm Black Bracelet l Dadson Jewellery', 'Elegant white braided bracelet with sparkling panther charm. Anti-tarnish and lightweight design ideal for daily wear and gifting.', 'White Panther Bracelet', 'white bracelet, panther charm bracelet, anti tarnish bracelet, women bracelet, fashion jewelry, dadson jewelry', '#WhiteBracelet #PantherCharm #AntiTarnishJewellery #DADSONJewelry #WomenAccessories #LuxuryJewellery #FashionBracelet #DailyWearJewellery #GiftForWomen #ElegantStyle');
INSERT INTO "product" ("id", "name", "cat_name", "category_id", "sub_category_id", "brand_id", "price", "orig", "badge", "img", "desc", "sizes", "colors", "size_chart", "product_type", "stock_status", "is_featured", "materials", "care", "is_best_seller", "is_new_arrival", "seo_title", "seo_description", "focus_keyword", "meta_keywords", "product_tags") VALUES ('crystal-gold-bangle-for-women', 'Crystal Gold Bangle for Women l Dadson Jewelry (KD-20)', 'Kada', 26, NULL, 1, '₹970', '₹1,040', 'Trendy Product', 'https://res.cloudinary.com/dnetvfdvs/image/upload/v1780492698/dadson/products/fsfcz9g3ef02ecpn29v3.jpg', 'Add a touch of luxury to your jewelry collection with this beautifully crafted DADSON Jewelry piece. Made for women who love stylish, lightweight, and long-lasting accessories, this design offers a rich look without being heavy or uncomfortable. Its elegant finish makes it easy to style with western, ethnic, casual, and party wear outfits. Perfect for daily use, special occasions, and thoughtful gifting.', NULL, NULL, NULL, 'simple', 'instock', FALSE, 'Crafted with high-quality anti-tarnish material and finished with fine detailing, this jewelry is designed to maintain its shine and beauty for a long time. Each piece is carefully made with smooth edges, elegant finishing, and a comfortable lightweight feel. The premium coating helps protect the jewelry from dullness and gives it a lasting golden shine.', 'Avoid perfume and chemicals. Store in a dry pouch or jewelry box after use. Clean with a soft dry cloth to keep your DADSON Jewelry shining longer.', FALSE, FALSE, 'Crystal Gold Kada l Dadson Jewelry', 'Trendy chain link gold bangle with anti-tarnish finish. Lightweight and stylish accessory for casual, office, and party wear.', ' Gold Kada', 'chain link bangle, gold bracelet, anti tarnish bracelet, women jewelry, fashion bracelet, dadson jewelry', '#ChainLinkBangle #GoldBracelet #AntiTarnishJewellery #DADSONJewelry #WomenJewellery #TrendyAccessories #DailyWearJewellery #FashionStyle #GiftForWomen #LuxuryLook');
INSERT INTO "product" ("id", "name", "cat_name", "category_id", "sub_category_id", "brand_id", "price", "orig", "badge", "img", "desc", "sizes", "colors", "size_chart", "product_type", "stock_status", "is_featured", "materials", "care", "is_best_seller", "is_new_arrival", "seo_title", "seo_description", "focus_keyword", "meta_keywords", "product_tags") VALUES ('cat-charm-bracelet--black--l-d', 'Cat Charm Bracelet – Black  l Dadson Jewelry (KD-25)', 'Kada', 26, NULL, 1, '₹750', '₹1,599', 'New Arrival', 'https://res.cloudinary.com/dnetvfdvs/image/upload/v1780494650/dadson/products/fgoybmhfpzwwhr4zdwfg.jpg', 'Add a touch of luxury to your jewelry collection with this beautifully crafted DADSON Jewelry piece. Made for women who love stylish, lightweight, and long-lasting accessories, this design offers a rich look without being heavy or uncomfortable. Its elegant finish makes it easy to style with western, ethnic, casual, and party wear outfits. Perfect for daily use, special occasions, and thoughtful gifting.', NULL, NULL, 'https://res.cloudinary.com/dnetvfdvs/image/upload/v1780494651/dadson/size_charts/gufzbr4vt0hq8oito8k2.jpg', 'simple', 'instock', FALSE, 'Crafted with high-quality anti-tarnish material and finished with fine detailing, this jewelry is designed to maintain its shine and beauty for a long time. Each piece is carefully made with smooth edges, elegant finishing, and a comfortable lightweight feel. The premium coating helps protect the jewelry from dullness and gives it a lasting golden shine.', 'Avoid perfume and chemicals. Store in a dry pouch or jewelry box after use. Clean with a soft dry cloth to keep your DADSON Jewelry shining longer.', FALSE, FALSE, 'Cat Charm Black Bracelet for Women l Dadson Jewelry', 'Trendy black braided bracelet featuring a sparkling cat charm. Stylish anti-tarnish jewelry perfect for casual and party wear.', 'Cat Charm Bracelet', 'cat bracelet, black bracelet, charm bracelet, anti tarnish jewelry, women bracelet, fashion bracelet, dadson jewelry', '#CatCharmBracelet #BlackBracelet #AntiTarnishJewellery #DADSONJewelry #WomenJewellery #FashionAccessories #PartyWearJewellery #GiftForWomen #LuxuryLook #TrendyStyle');
INSERT INTO "product" ("id", "name", "cat_name", "category_id", "sub_category_id", "brand_id", "price", "orig", "badge", "img", "desc", "sizes", "colors", "size_chart", "product_type", "stock_status", "is_featured", "materials", "care", "is_best_seller", "is_new_arrival", "seo_title", "seo_description", "focus_keyword", "meta_keywords", "product_tags") VALUES ('cat-charm-white-bracelet-l-dad', 'Cat Charm White Bracelet l Dadson Jewelry (KD-26)', 'Kada', 26, NULL, 1, '₹750', '₹1,499', 'Trendy Product', 'https://res.cloudinary.com/dnetvfdvs/image/upload/v1780494800/dadson/products/yt6wyxvzlx8bq9qdkj8t.jpg', 'Add a touch of luxury to your jewelry collection with this beautifully crafted DADSON Jewelry piece. Made for women who love stylish, lightweight, and long-lasting accessories, this design offers a rich look without being heavy or uncomfortable. Its elegant finish makes it easy to style with western, ethnic, casual, and party wear outfits. Perfect for daily use, special occasions, and thoughtful gifting.', NULL, NULL, 'https://res.cloudinary.com/dnetvfdvs/image/upload/v1780494801/dadson/size_charts/phkpez4tbcqfw70vbbtp.jpg', 'simple', 'instock', FALSE, 'Crafted with high-quality anti-tarnish material and finished with fine detailing, this jewelry is designed to maintain its shine and beauty for a long time. Each piece is carefully made with smooth edges, elegant finishing, and a comfortable lightweight feel. The premium coating helps protect the jewelry from dullness and gives it a lasting golden shine.', 'Avoid perfume and chemicals. Store in a dry pouch or jewelry box after use. Clean with a soft dry cloth to keep your DADSON Jewelry shining longer.', FALSE, FALSE, 'Cat Charm White Bracelet for Women l Dadson Jewellery', 'Elegant white braided bracelet with crystal cat charm. Lightweight, anti-tarnish, and ideal for daily wear or gifting.', 'White Cat Bracelet', 'white cat bracelet, charm bracelet, anti tarnish jewelry, women bracelet, stylish bracelet, dadson jewelry', '#WhiteCatBracelet #CharmBracelet #AntiTarnishJewellery #DADSONJewelry #WomenAccessories #ElegantJewellery #DailyWearJewellery #GiftForWomen #FashionStyle #LuxuryLook');
INSERT INTO "product" ("id", "name", "cat_name", "category_id", "sub_category_id", "brand_id", "price", "orig", "badge", "img", "desc", "sizes", "colors", "size_chart", "product_type", "stock_status", "is_featured", "materials", "care", "is_best_seller", "is_new_arrival", "seo_title", "seo_description", "focus_keyword", "meta_keywords", "product_tags") VALUES ('resin-peach-bracelet-l-dadson', 'Resin Peach Bracelet l Dadson Jewelry (KD-30)', 'Kada', 26, NULL, 1, '₹630', '₹1,560', 'New Arrival', 'https://res.cloudinary.com/dnetvfdvs/image/upload/v1780496229/dadson/products/dt1fv9s2xumn3szkjqj6.jpg', 'Add a touch of luxury to your jewelry collection with this beautifully crafted DADSON Jewelry piece. Made for women who love stylish, lightweight, and long-lasting accessories, this design offers a rich look without being heavy or uncomfortable. Its elegant finish makes it easy to style with western, ethnic, casual, and party wear outfits. Perfect for daily use, special occasions, and thoughtful gifting.', NULL, NULL, 'https://res.cloudinary.com/dnetvfdvs/image/upload/v1780496230/dadson/size_charts/oz7ajkwchat3xtvxj9fg.jpg', 'simple', 'instock', FALSE, 'Crafted with high-quality anti-tarnish material and finished with fine detailing, this jewelry is designed to maintain its shine and beauty for a long time. Each piece is carefully made with smooth edges, elegant finishing, and a comfortable lightweight feel. The premium coating helps protect the jewelry from dullness and gives it a lasting golden shine.', 'Avoid perfume and chemicals. Store in a dry pouch or jewelry box after use. Clean with a soft dry cloth to keep your DADSON Jewelry shining longer.', FALSE, FALSE, 'Resin Peach Bracelet l Dadson Jewelry ', 'Elegant dome-style gold bangle featuring a smooth polished finish and anti-tarnish protection. Perfect for daily and festive wear', 'Resin Gold Bracelet', 'dome bangle, gold bangle for women, anti tarnish bangle, classic bracelet, women jewelry, dadson jewelry', '#GoldDomeBangle #ClassicBangle #AntiTarnishJewellery #DADSONJewelry #WomenAccessories #LuxuryJewellery #DailyWearJewellery #GiftForWomen #ElegantStyle #FashionBracelet');
INSERT INTO "product" ("id", "name", "cat_name", "category_id", "sub_category_id", "brand_id", "price", "orig", "badge", "img", "desc", "sizes", "colors", "size_chart", "product_type", "stock_status", "is_featured", "materials", "care", "is_best_seller", "is_new_arrival", "seo_title", "seo_description", "focus_keyword", "meta_keywords", "product_tags") VALUES ('layered-gold-kada-l-anti-tarni', 'Layered Gold Kada l Anti-tarnish Kada (KD-21)', 'Kada', 26, NULL, 1, '₹420', '₹820', 'New Arrival', 'https://res.cloudinary.com/dnetvfdvs/image/upload/v1780494402/dadson/products/s2r3ahwlqk4tbljpsndi.jpg', 'Add a touch of luxury to your jewelry collection with this beautifully crafted DADSON Jewelry piece. Made for women who love stylish, lightweight, and long-lasting accessories, this design offers a rich look without being heavy or uncomfortable. Its elegant finish makes it easy to style with western, ethnic, casual, and party wear outfits. Perfect for daily use, special occasions, and thoughtful gifting.', NULL, NULL, 'https://res.cloudinary.com/dnetvfdvs/image/upload/v1780494403/dadson/size_charts/ajebaifkazhqegr1m1vc.jpg', 'simple', 'instock', FALSE, 'Crafted with high-quality anti-tarnish material and finished with fine detailing, this jewelry is designed to maintain its shine and beauty for a long time. Each piece is carefully made with smooth edges, elegant finishing, and a comfortable lightweight feel. The premium coating helps protect the jewelry from dullness and gives it a lasting golden shine.', 'Avoid perfume and chemicals. Store in a dry pouch or jewelry box after use. Clean with a soft dry cloth to keep your DADSON Jewelry shining longer.', FALSE, FALSE, 'Layered Gold Kada  for Women l Dadson Jewellery', 'legant layered gold Kada set with anti-tarnish finish. Lightweight, stylish, and perfect for daily wear, office wear, and festive occasions.', 'Layered Gola Kada', 'layered gold kada, gold kada, anti tarnish kada, women jewelry, daily wear kada, fashion jewelry, dadson jewelry', '#Layeredkada #Goldkada #AntiTarnishJewellery #DadsonJewelry #WomenJewellery #DailyWearJewellery #ElegantStyle #FashionAccessories #GiftForWomen #LuxuryLook');
INSERT INTO "product" ("id", "name", "cat_name", "category_id", "sub_category_id", "brand_id", "price", "orig", "badge", "img", "desc", "sizes", "colors", "size_chart", "product_type", "stock_status", "is_featured", "materials", "care", "is_best_seller", "is_new_arrival", "seo_title", "seo_description", "focus_keyword", "meta_keywords", "product_tags") VALUES ('panther-charm-brown-bracelet-l', 'Panther Charm Brown Bracelet l Dadson Jewelry  (KD-23)', 'Kada', 26, NULL, 1, '₹700', '₹1,499', 'New Arrival', 'https://res.cloudinary.com/dnetvfdvs/image/upload/v1780493633/dadson/products/b0ydxdx4zl0od3qzspaq.jpg', 'Add a touch of luxury to your jewelry collection with this beautifully crafted DADSON Jewelry piece. Made for women who love stylish, lightweight, and long-lasting accessories, this design offers a rich look without being heavy or uncomfortable. Its elegant finish makes it easy to style with western, ethnic, casual, and party wear outfits. Perfect for daily use, special occasions, and thoughtful gifting.', NULL, NULL, 'https://res.cloudinary.com/dnetvfdvs/image/upload/v1780493634/dadson/size_charts/frhtbx4dkikyecnhqdpt.jpg', 'simple', 'instock', FALSE, 'Crafted with high-quality anti-tarnish material and finished with fine detailing, this jewelry is designed to maintain its shine and beauty for a long time. Each piece is carefully made with smooth edges, elegant finishing, and a comfortable lightweight feel. The premium coating helps protect the jewelry from dullness and gives it a lasting golden shine.', 'Avoid perfume and chemicals. Store in a dry pouch or jewelry box after use. Clean with a soft dry cloth to keep your DADSON Jewelry shining longer.', FALSE, FALSE, 'Panther Charm Brown Bracelet for Women l Dadson Jewellery', 'Stylish brown braided bracelet featuring a sparkling panther charm. Anti-tarnish finish and premium design for a bold fashion statement.', 'Panther Charm Bracelet', 'panther bracelet, brown bracelet, charm bracelet, anti tarnish jewelry, women bracelet, fashion bracelet, dadson jewelry', '#PantherBracelet #CharmBracelet #BrownBracelet #AntiTarnishJewellery #DADSONJewelry #WomenJewellery #FashionAccessories #LuxuryStyle #GiftForWomen #TrendyBracelet');
INSERT INTO "product" ("id", "name", "cat_name", "category_id", "sub_category_id", "brand_id", "price", "orig", "badge", "img", "desc", "sizes", "colors", "size_chart", "product_type", "stock_status", "is_featured", "materials", "care", "is_best_seller", "is_new_arrival", "seo_title", "seo_description", "focus_keyword", "meta_keywords", "product_tags") VALUES ('sky-blue-stone-statement-cuff', 'Sky Blue Stone Statement Cuff l Dadson Jewelry (KD-27)', 'Kada', 26, NULL, 1, '₹750', '₹1,599', 'Trendy Product', 'https://res.cloudinary.com/dnetvfdvs/image/upload/v1780495789/dadson/products/ezcrcu84bbiatf9luhxa.jpg', 'Add a touch of luxury to your jewelry collection with this beautifully crafted DADSON Jewelry piece. Made for women who love stylish, lightweight, and long-lasting accessories, this design offers a rich look without being heavy or uncomfortable. Its elegant finish makes it easy to style with western, ethnic, casual, and party wear outfits. Perfect for daily use, special occasions, and thoughtful gifting.', NULL, NULL, 'https://res.cloudinary.com/dnetvfdvs/image/upload/v1780495790/dadson/size_charts/ybtlrwiibbjgeyht6tq5.jpg', 'simple', 'instock', FALSE, 'Crafted with high-quality anti-tarnish material and finished with fine detailing, this jewelry is designed to maintain its shine and beauty for a long time. Each piece is carefully made with smooth edges, elegant finishing, and a comfortable lightweight feel. The premium coating helps protect the jewelry from dullness and gives it a lasting golden shine.', 'Avoid perfume and chemicals. Store in a dry pouch or jewelry box after use. Clean with a soft dry cloth to keep your DADSON Jewelry shining longer.', FALSE, FALSE, 'Sky Blue Stone Statement Cuff Dadson Jewellery', 'Stunning sky blue stone cuff bracelet with a luxurious gold-tone finish. Anti-tarnish design perfect for modern and elegant styling.', 'Blue Stone Cuff Bracelet', 'blue stone bracelet, statement cuff bracelet, anti tarnish jewelry, women bracelet, designer cuff, dadson jewelry', '#BlueStoneBracelet #StatementCuff #AntiTarnishJewellery #DADSONJewelry #WomenJewellery #LuxuryAccessories #FashionBracelet #GiftForWomen #ElegantStyle #TrendyJewellery');
INSERT INTO "product" ("id", "name", "cat_name", "category_id", "sub_category_id", "brand_id", "price", "orig", "badge", "img", "desc", "sizes", "colors", "size_chart", "product_type", "stock_status", "is_featured", "materials", "care", "is_best_seller", "is_new_arrival", "seo_title", "seo_description", "focus_keyword", "meta_keywords", "product_tags") VALUES ('luxury-gold--brown--white-colo', 'Luxury Gold  Brown & White Color Anti-Tarnish Kada  (MINIKADA-01)', 'Kada', 26, NULL, 1, '₹520', '₹999', 'New Arrival', 'https://res.cloudinary.com/dnetvfdvs/image/upload/v1780583741/dadson/products/y46ft8c2ypfkrt06e3sv.jpg', 'Add a bold, elegant touch to your look with this Gold Enamel Oval Kada Bracelet. Crafted in a polished gold-tone finish with glossy enamel detailing and sparkling crystal accents, this anti-tarnish cuff is designed to stay beautiful through daily wear. Its wide statement design makes it ideal for festive occasions, parties, and elevated everyday styling.

• Anti-tarnish & water-resistant
• Designed to maintain its shine with proper care.
• Premium gold-tone finish
• A rich polished look with a luxurious feel.
• Comfortable cuff style
• Easy to wear and suitable for festive and everyday outfits.', NULL, NULL, 'https://res.cloudinary.com/dnetvfdvs/image/upload/v1780583742/dadson/size_charts/hodq4oofwkp6rk53vrym.jpg', 'simple', 'instock', FALSE, 'Crafted with high-quality anti-tarnish material and finished with fine detailing, this jewelry is designed to maintain its shine and beauty for a long time. Each piece is carefully made with smooth edges, elegant finishing, and a comfortable lightweight feel. The premium coating helps protect the jewelry from dullness and gives it a lasting golden shine.', 'To maximize shine and longevity, avoid direct contact with perfumes, harsh chemicals, and prolonged moisture exposure. Store in a dry place when not in use.', FALSE, TRUE, 'Luxury Gold Anti-Tarnish Kada Bracelet | Waterproof Jewelry', 'Shop this luxury gold anti-tarnish kada bracelet with premium enamel detailing. Waterproof, tarnish-resistant, lightweight, and perfect for daily wear.', 'Gold Anti-Tarnish Kada Bracelet', 'anti tarnish kada, gold kada bracelet, waterproof jewelry, luxury bracelet for women, enamel kada bracelet, daily wear bracelet, stainless steel jewelry, tarnish resistant bracelet, premium kada, statement bracelet, fashion jewelry, Dadson Jewelry', '#AntiTarnishJewelry #GoldKada #LuxuryJewelry #WaterproofJewelry #DailyWearJewelry #StatementBracelet #PremiumJewelry #FashionAccessories #BraceletForWomen #TarnishFreeJewelry #DadsonJewelry #TrendingJewelry');
INSERT INTO "product" ("id", "name", "cat_name", "category_id", "sub_category_id", "brand_id", "price", "orig", "badge", "img", "desc", "sizes", "colors", "size_chart", "product_type", "stock_status", "is_featured", "materials", "care", "is_best_seller", "is_new_arrival", "seo_title", "seo_description", "focus_keyword", "meta_keywords", "product_tags") VALUES ('panther-charm-white-bracelet-k-1780494613', 'Panther Charm White Bracelet (KD-24)', 'Kada', 26, NULL, 1, '₹800', '₹1,599', 'Trendy Product', 'https://res.cloudinary.com/dnetvfdvs/image/upload/v1780494610/dadson/products/db86glbdaa6hrsszhhsi.jpg', 'Add a touch of luxury to your jewelry collection with this beautifully crafted DADSON Jewelry piece. Made for women who love stylish, lightweight, and long-lasting accessories, this design offers a rich look without being heavy or uncomfortable. Its elegant finish makes it easy to style with western, ethnic, casual, and party wear outfits. Perfect for daily use, special occasions, and thoughtful gifting.', NULL, NULL, 'https://res.cloudinary.com/dnetvfdvs/image/upload/v1780494612/dadson/size_charts/je3rnmgrd6myhkbeh89h.jpg', 'simple', 'instock', FALSE, 'Crafted with high-quality anti-tarnish material and finished with fine detailing, this jewelry is designed to maintain its shine and beauty for a long time. Each piece is carefully made with smooth edges, elegant finishing, and a comfortable lightweight feel. The premium coating helps protect the jewelry from dullness and gives it a lasting golden shine.', 'Avoid perfume and chemicals. Store in a dry pouch or jewelry box after use. Clean with a soft dry cloth to keep your DADSON Jewelry shining longer.', FALSE, FALSE, 'Cat Charm White Bracelet l Dadson Jewellery', 'Elegant white braided bracelet with sparkling panther charm. Anti-tarnish and lightweight design ideal for daily wear and gifting.', 'White Panther Bracelet', 'white bracelet, panther charm bracelet, anti tarnish bracelet, women bracelet, fashion jewelry, dadson jewelry', '#WhiteBracelet #PantherCharm #AntiTarnishJewellery #DADSONJewelry #WomenAccessories #LuxuryJewellery #FashionBracelet #DailyWearJewellery #GiftForWomen #ElegantStyle');
INSERT INTO "product" ("id", "name", "cat_name", "category_id", "sub_category_id", "brand_id", "price", "orig", "badge", "img", "desc", "sizes", "colors", "size_chart", "product_type", "stock_status", "is_featured", "materials", "care", "is_best_seller", "is_new_arrival", "seo_title", "seo_description", "focus_keyword", "meta_keywords", "product_tags") VALUES ('resin-blue-bracelet-l-dadson-j', 'Resin Blue Bracelet l Dadson Jewelry (KD-28)', 'Kada', 26, NULL, 1, '₹630', '₹1,599', 'New Arrival', 'https://res.cloudinary.com/dnetvfdvs/image/upload/v1780496102/dadson/products/lrprddu0gxgzjrdzehbu.jpg', 'Add a touch of luxury to your jewelry collection with this beautifully crafted DADSON Jewelry piece. Made for women who love stylish, lightweight, and long-lasting accessories, this design offers a rich look without being heavy or uncomfortable. Its elegant finish makes it easy to style with western, ethnic, casual, and party wear outfits. Perfect for daily use, special occasions, and thoughtful gifting.', NULL, NULL, 'https://res.cloudinary.com/dnetvfdvs/image/upload/v1780496103/dadson/size_charts/zsxomvvwd8m6jirnwkim.jpg', 'simple', 'instock', FALSE, 'Crafted with high-quality anti-tarnish material and finished with fine detailing, this jewelry is designed to maintain its shine and beauty for a long time. Each piece is carefully made with smooth edges, elegant finishing, and a comfortable lightweight feel. The premium coating helps protect the jewelry from dullness and gives it a lasting golden shine.', 'Avoid perfume and chemicals. Store in a dry pouch or jewelry box after use. Clean with a soft dry cloth to keep your DADSON Jewelry shining longer.', FALSE, FALSE, 'Resin Blue Bracelet l Dadson Jewelry', 'Elegant dome-style gold bangle featuring a smooth polished finish and anti-tarnish protection. Perfect for daily and festive wear.', 'Resin Kada', 'dome bangle, gold bangle for women, anti tarnish bangle, classic bracelet, women jewelry, dadson jewelry', '#GoldDomeBangle #ClassicBangle #AntiTarnishJewellery #DADSONJewelry #WomenAccessories #LuxuryJewellery #DailyWearJewellery #GiftForWomen #ElegantStyle #FashionBracelet');
INSERT INTO "product" ("id", "name", "cat_name", "category_id", "sub_category_id", "brand_id", "price", "orig", "badge", "img", "desc", "sizes", "colors", "size_chart", "product_type", "stock_status", "is_featured", "materials", "care", "is_best_seller", "is_new_arrival", "seo_title", "seo_description", "focus_keyword", "meta_keywords", "product_tags") VALUES ('resin-multi-color-bracelet-l-d', 'Resin Multi color Bracelet l Dadson Jewelry (KD-29)', 'Kada', 26, NULL, 1, '₹630', '₹1,560', 'New Arrival', 'https://res.cloudinary.com/dnetvfdvs/image/upload/v1780496268/dadson/products/hvslpcmnnjhoo5xaams1.jpg', 'Add a touch of luxury to your jewelry collection with this beautifully crafted DADSON Jewelry piece. Made for women who love stylish, lightweight, and long-lasting accessories, this design offers a rich look without being heavy or uncomfortable. Its elegant finish makes it easy to style with western, ethnic, casual, and party wear outfits. Perfect for daily use, special occasions, and thoughtful gifting.', NULL, NULL, 'https://res.cloudinary.com/dnetvfdvs/image/upload/v1780496270/dadson/size_charts/a4leyl6xhvghj1sbcwdl.jpg', 'simple', 'instock', FALSE, 'Crafted with high-quality anti-tarnish material and finished with fine detailing, this jewelry is designed to maintain its shine and beauty for a long time. Each piece is carefully made with smooth edges, elegant finishing, and a comfortable lightweight feel. The premium coating helps protect the jewelry from dullness and gives it a lasting golden shine.', 'Avoid perfume and chemicals. Store in a dry pouch or jewelry box after use. Clean with a soft dry cloth to keep your DADSON Jewelry shining longer.', FALSE, FALSE, 'Resin Multi Color Bracelet l Dadson Jewelry', 'Elegant dome-style gold bangle featuring a smooth polished finish and anti-tarnish protection. Perfect for daily and festive wear', 'Resin Gold Bracelet', 'dome bangle, gold bangle for women, anti tarnish bangle, classic bracelet, women jewelry, dadson jewelry', '#GoldDomeBangle #ClassicBangle #AntiTarnishJewellery #DADSONJewelry #WomenAccessories #LuxuryJewellery #DailyWearJewellery #GiftForWomen #ElegantStyle #FashionBracelet');
INSERT INTO "product" ("id", "name", "cat_name", "category_id", "sub_category_id", "brand_id", "price", "orig", "badge", "img", "desc", "sizes", "colors", "size_chart", "product_type", "stock_status", "is_featured", "materials", "care", "is_best_seller", "is_new_arrival", "seo_title", "seo_description", "focus_keyword", "meta_keywords", "product_tags") VALUES ('luxury-gold--red--white-color', 'Luxury Gold  Red & White Color Anti-Tarnish Kada (MINIKADA-04)', 'Kada', 26, NULL, 1, '₹520', '₹999', 'New Arrival', 'https://res.cloudinary.com/dnetvfdvs/image/upload/v1780583753/dadson/products/zvgqc4yuob9khv7xuquz.jpg', 'Add a bold, elegant touch to your look with this Gold Enamel Oval Kada Bracelet. Crafted in a polished gold-tone finish with glossy enamel detailing and sparkling crystal accents, this anti-tarnish cuff is designed to stay beautiful through daily wear. Its wide statement design makes it ideal for festive occasions, parties, and elevated everyday styling.

• Anti-tarnish & water-resistant
• Designed to maintain its shine with proper care.
• Premium gold-tone finish
• A rich polished look with a luxurious feel.
• Comfortable cuff style
• Easy to wear and suitable for festive and everyday outfits.', NULL, NULL, 'https://res.cloudinary.com/dnetvfdvs/image/upload/v1780583754/dadson/size_charts/zv5ffwdan5yh4pdgvns3.jpg', 'simple', 'instock', FALSE, 'Crafted with high-quality anti-tarnish material and finished with fine detailing, this jewelry is designed to maintain its shine and beauty for a long time. Each piece is carefully made with smooth edges, elegant finishing, and a comfortable lightweight feel. The premium coating helps protect the jewelry from dullness and gives it a lasting golden shine.', 'To maximize shine and longevity, avoid direct contact with perfumes, harsh chemicals, and prolonged moisture exposure. Store in a dry place when not in use.', FALSE, FALSE, 'Luxury Gold Anti-Tarnish Kada Bracelet | Waterproof Jewelry', 'Shop this luxury gold anti-tarnish kada bracelet with premium enamel detailing. Waterproof, tarnish-resistant, lightweight, and perfect for daily wear.', 'Gold Anti-Tarnish Kada Bracelet', 'anti tarnish kada, gold kada bracelet, waterproof jewelry, luxury bracelet for women, enamel kada bracelet, daily wear bracelet, stainless steel jewelry, tarnish resistant bracelet, premium kada, statement bracelet, fashion jewelry, Dadson Jewelry', '#AntiTarnishJewelry #GoldKada #LuxuryJewelry #WaterproofJewelry #DailyWearJewelry #StatementBracelet #PremiumJewelry #FashionAccessories #BraceletForWomen #TarnishFreeJewelry #DadsonJewelry #TrendingJewelry');
INSERT INTO "product" ("id", "name", "cat_name", "category_id", "sub_category_id", "brand_id", "price", "orig", "badge", "img", "desc", "sizes", "colors", "size_chart", "product_type", "stock_status", "is_featured", "materials", "care", "is_best_seller", "is_new_arrival", "seo_title", "seo_description", "focus_keyword", "meta_keywords", "product_tags") VALUES ('kada-3', 'Pearl Crystal Anti-Tarnish Open Kada (KD-03)', 'Kada', 26, NULL, 1, '₹510', '₹820', 'New Arrival', 'https://res.cloudinary.com/dnetvfdvs/image/upload/v1780408312/dadson/products/fn3nfq4rilu0lo1e3w6z.jpg', 'Crafted with high-quality anti-tarnish material and finished with fine detailing, this jewelry is designed to maintain its shine and beauty for a long time. Each piece is carefully made with smooth edges, elegant finishing, and a comfortable lightweight feel. The premium coating helps protect the jewelry from dullness and gives it a lasting golden shine.

', NULL, NULL, 'https://res.cloudinary.com/dnetvfdvs/image/upload/v1780408313/dadson/size_charts/dyl6s2ehnpywkpn8l6ox.jpg', 'simple', 'instock', FALSE, 'Crafted with high-quality anti-tarnish material and finished with fine detailing, this jewelry is designed to maintain its shine and beauty for a long time. Each piece is carefully made with smooth edges, elegant finishing, and a comfortable lightweight feel. The premium coating helps protect the jewelry from dullness and gives it a lasting golden shine.

', 'Avoid perfume, water, sweat, and chemicals. Store in a dry pouch or jewelry box after use. Clean with a soft dry cloth to keep your DADSON Jewelry shining longer.

', FALSE, FALSE, 'Pearl Crystal Anti-Tarnish Bracelet for Women', 'Elegant open bracelet featuring pearls and crystal detailing. Anti-tarnish finish ensures long-lasting shine for everyday elegance and special occasions.', 'Pearl Crystal Bracelet', 'pearl bracelet, crystal bracelet, anti tarnish bracelet, women jewelry, luxury bracelet, gold bracelet, gift jewelry, DADSON Jewelry', '#PearlBracelet #CrystalBracelet #AntiTarnishJewelry #GoldBracelet #WomenJewelry #ElegantJewelry #PartyWearJewelry #GiftForWomen #DADSONJewelry');
INSERT INTO "product" ("id", "name", "cat_name", "category_id", "sub_category_id", "brand_id", "price", "orig", "badge", "img", "desc", "sizes", "colors", "size_chart", "product_type", "stock_status", "is_featured", "materials", "care", "is_best_seller", "is_new_arrival", "seo_title", "seo_description", "focus_keyword", "meta_keywords", "product_tags") VALUES ('dadson-floral-bloom-anti-tarni', 'Floral Bloom Anti-Tarnish Gold Cuff Kada (KD-06)', 'Kada', 26, NULL, 1, '₹320', '₹640', 'Trendy Product', 'https://res.cloudinary.com/dnetvfdvs/image/upload/v1780411578/dadson/products/hxbgjz79q5t0cpae3xgj.jpg', 'Add a touch of luxury to your jewelry collection with this beautifully crafted DADSON Jewelry piece. Made for women who love stylish, lightweight, and long-lasting accessories, this design offers a rich look without being heavy or uncomfortable. Its elegant finish makes it easy to style with western, ethnic, casual, and party wear outfits. Perfect for daily use, special occasions, and thoughtful gifting.', NULL, NULL, 'https://res.cloudinary.com/dnetvfdvs/image/upload/v1780664698/dadson/size_charts/ztc8ecdiqgqgzn9gm33p.jpg', 'simple', 'instock', FALSE, 'Crafted with high-quality anti-tarnish material and finished with fine detailing, this jewelry is designed to maintain its shine and beauty for a long time. Each piece is carefully made with smooth edges, elegant finishing, and a comfortable lightweight feel. The premium coating helps protect the jewelry from dullness and gives it a lasting golden shine.', 'Avoid perfume, water, sweat, and chemicals. Store in a dry pouch or jewelry box after use. Clean with a soft dry cloth to keep your DADSON Jewelry shining longer.', FALSE, FALSE, 'Floral Gold Cuff Bracelet for Women | Anti Tarnish', 'Elegant floral-inspired gold cuff bracelet with anti-tarnish finish. Lightweight, stylish, and perfect for daily wear, parties, weddings, and gifting.', 'Floral Gold Cuff Bracelet', 'floral bracelet, flower cuff bracelet, anti tarnish bracelet, gold cuff bracelet, women jewelry, designer bracelet, statement bracelet, DADSON Jewelry', '#FloralBracelet #FlowerJewelry #GoldCuff #AntiTarnishJewelry #WomenBracelet #LuxuryJewelry #FashionJewelry #GiftForWomen #DADSONJewelry');
INSERT INTO "product" ("id", "name", "cat_name", "category_id", "sub_category_id", "brand_id", "price", "orig", "badge", "img", "desc", "sizes", "colors", "size_chart", "product_type", "stock_status", "is_featured", "materials", "care", "is_best_seller", "is_new_arrival", "seo_title", "seo_description", "focus_keyword", "meta_keywords", "product_tags") VALUES ('dadson-jewelry-l-pearl-gold-ho', 'DADSON Jewelry l Pearl Gold Hoop Earrings', 'Earrings', 27, NULL, 1, '₹399', '₹760', 'New Arrival', 'https://res.cloudinary.com/dnetvfdvs/image/upload/v1780380268/dadson/products/p8tkerffnhxwchfykrct.jpg', 'Add a touch of elegance to your everyday look with DADSON Pearl Gold Hoop Earrings. Designed with a classic pearl stud and premium gold-tone hoop design, these earrings are perfect for daily wear, party wear, office wear, and gifting.', NULL, NULL, 'https://res.cloudinary.com/dnetvfdvs/image/upload/v1780380269/dadson/size_charts/colj5an9dkeoiiowznzp.jpg', 'simple', 'instock', FALSE, 'Crafted with high-quality anti-tarnish gold plating and a pearl-style stud, these earrings offer a premium shine with a lightweight and comfortable fit. The modern hoop design gives a stylish and classy look for every occasion.', '', FALSE, FALSE, 'Dadson Jewelry Loop Pearl Anti Tarnish Earrings for Women', 'Shop DADSON Pearl Gold Hoop Earrings for women. Premium anti-tarnish gold earrings with elegant pearl design, perfect for daily wear, party wear, office wear, and gifting.', 'Pearl Crescent Anti Tarnish Earrings', 'heart pearl earrings, anti tarnish earrings, pearl earrings for women, heart earrings, stylish earrings, trendy earrings, daily wear earrings, gold earrings, dadson jewelry, women jewellery, gift earrings', '#PearlDropEarrings');
INSERT INTO "product" ("id", "name", "cat_name", "category_id", "sub_category_id", "brand_id", "price", "orig", "badge", "img", "desc", "sizes", "colors", "size_chart", "product_type", "stock_status", "is_featured", "materials", "care", "is_best_seller", "is_new_arrival", "seo_title", "seo_description", "focus_keyword", "meta_keywords", "product_tags") VALUES ('dadson-green-stone-vintage-stu', 'DADSON Green Stone Vintage Stud Earrings (ER-07)', 'Earrings', 27, NULL, 1, '₹390', '₹740', 'New Arrival', 'https://res.cloudinary.com/dnetvfdvs/image/upload/v1780455018/dadson/products/kmjnxbpdoml7fqnbsqqf.jpg', 'Add a touch of luxury to your jewelry collection with this beautifully crafted DADSON Jewelry piece. Made for women who love stylish, lightweight, and long-lasting accessories, this design offers a rich look without being heavy or uncomfortable. Its elegant finish makes it easy to style with western, ethnic, casual, and party wear outfits. Perfect for daily use, special occasions, and thoughtful gifting.

', NULL, NULL, 'https://res.cloudinary.com/dnetvfdvs/image/upload/v1780455019/dadson/size_charts/f8fz9esgdecgyrnmhuvb.jpg', 'simple', 'instock', FALSE, 'Crafted with high-quality anti-tarnish material and finished with fine detailing, this jewelry is designed to maintain its shine and beauty for a long time. Each piece is carefully made with smooth edges, elegant finishing, and a comfortable lightweight feel. The premium coating helps protect the jewelry from dullness and gives it a lasting golden shine.', 'Avoid perfume and chemicals. Store in a dry pouch or jewelry box after use. Clean with a soft dry cloth to keep your DADSON Jewelry shining longer.', FALSE, FALSE, 'Green Stone Vintage Stud Earrings for Women | DADSON', 'Elegant green stone stud earrings with a vintage-inspired gold frame. Anti-tarnish, lightweight, and perfect for every occasion.', 'Green Stone Stud Earrings', 'green stone earrings, vintage earrings, anti tarnish studs, gold stud earrings, women jewelry, statement earrings', '#GreenStoneEarrings #VintageEarrings #StudEarrings #GoldJewelry #AntiTarnishJewelry #WomenFashion #ElegantJewelry #PartyWearJewelry #GiftForWomen #DADSONJewelry');
INSERT INTO "product" ("id", "name", "cat_name", "category_id", "sub_category_id", "brand_id", "price", "orig", "badge", "img", "desc", "sizes", "colors", "size_chart", "product_type", "stock_status", "is_featured", "materials", "care", "is_best_seller", "is_new_arrival", "seo_title", "seo_description", "focus_keyword", "meta_keywords", "product_tags") VALUES ('triple-layer-gold-hoop-earring', 'Triple Layer Gold Hoop Earrings l Dadson Jewelry (ER-06)', 'Earrings', 27, NULL, 1, '₹390', '₹740', 'New Arrival', 'https://res.cloudinary.com/dnetvfdvs/image/upload/v1780454990/dadson/products/hazgzo9yn9fx5knkgc7l.jpg', 'Add a touch of luxury to your jewelry collection with this beautifully crafted DADSON Jewelry piece. Made for women who love stylish, lightweight, and long-lasting accessories, this design offers a rich look without being heavy or uncomfortable. Its elegant finish makes it easy to style with western, ethnic, casual, and party wear outfits. Perfect for daily use, special occasions, and thoughtful gifting.

', NULL, NULL, 'https://res.cloudinary.com/dnetvfdvs/image/upload/v1780454991/dadson/size_charts/dh0w7naohfeo6ppvhjat.jpg', 'simple', 'instock', FALSE, 'Crafted with high-quality anti-tarnish material and finished with fine detailing, this jewelry is designed to maintain its shine and beauty for a long time. Each piece is carefully made with smooth edges, elegant finishing, and a comfortable lightweight feel. The premium coating helps protect the jewelry from dullness and gives it a lasting golden shine.', 'Avoid perfume and chemicals. Store in a dry pouch or jewelry box after use. Clean with a soft dry cloth to keep your DADSON Jewelry shining longer.', FALSE, FALSE, 'Triple Layer Gold Hoop Earrings for Women | Dadson Jewelry ', 'Styli Triple Layer Hoop Earrings triple-layer hoop earrings with a modern geometric design. Lightweight, anti-tarnish, and perfect for everyday elegance.', 'Triple Layer Hoop Earrings', 'hoop earrings, layered hoop earrings, anti tarnish jewelry, geometric earrings, gold hoop earrings, women jewelry', '#HoopEarrings #LayeredEarrings #GoldJewelry #AntiTarnishJewelry #MinimalJewelry #FashionEarrings #WomenAccessories #DailyWearJewelry #GiftForWomen #DADSONJewelry');
INSERT INTO "product" ("id", "name", "cat_name", "category_id", "sub_category_id", "brand_id", "price", "orig", "badge", "img", "desc", "sizes", "colors", "size_chart", "product_type", "stock_status", "is_featured", "materials", "care", "is_best_seller", "is_new_arrival", "seo_title", "seo_description", "focus_keyword", "meta_keywords", "product_tags") VALUES ('floral-bloom-gold-earrings-l-d', 'Floral Bloom Gold Earrings l Dadson Jewelry (ER-05)', 'Earrings', 27, NULL, 1, '₹370', '₹740', 'Trendy Product', 'https://res.cloudinary.com/dnetvfdvs/image/upload/v1780454943/dadson/products/s0tlamfwdss5tvlq9sm6.jpg', 'Add a touch of luxury to your jewelry collection with this beautifully crafted DADSON Jewelry piece. Made for women who love stylish, lightweight, and long-lasting accessories, this design offers a rich look without being heavy or uncomfortable. Its elegant finish makes it easy to style with western, ethnic, casual, and party wear outfits. Perfect for daily use, special occasions, and thoughtful gifting.

', NULL, NULL, 'https://res.cloudinary.com/dnetvfdvs/image/upload/v1780454943/dadson/size_charts/tu8sqyhelarryyavrf9y.jpg', 'simple', 'instock', FALSE, 'Crafted with high-quality anti-tarnish material and finished with fine detailing, this jewelry is designed to maintain its shine and beauty for a long time. Each piece is carefully made with smooth edges, elegant finishing, and a comfortable lightweight feel. The premium coating helps protect the jewelry from dullness and gives it a lasting golden shine.', 'Avoid perfume and chemicals. Store in a dry pouch or jewelry box after use. Clean with a soft dry cloth to keep your DADSON Jewelry shining longer.', FALSE, FALSE, 'Floral Bloom Gold Earrings for Women | Dadson Jewelry ', 'Elegant floral gold earrings crafted for modern women. Lightweight, anti-tarnish, stylish, and perfect for daily wear, parties, and gifting.', 'Floral Gold Earrings', 'floral gold earrings, flower earrings, anti tarnish earrings, women earrings, gold plated earrings, trendy earrings, DADSON Jewelry', '#FloralEarrings #FlowerEarrings #GoldEarrings #AntiTarnishJewelry #WomenEarrings #DailyWearJewelry #PartyWearJewelry #FashionJewelry #GiftForWomen #DADSONJewelry');
INSERT INTO "product" ("id", "name", "cat_name", "category_id", "sub_category_id", "brand_id", "price", "orig", "badge", "img", "desc", "sizes", "colors", "size_chart", "product_type", "stock_status", "is_featured", "materials", "care", "is_best_seller", "is_new_arrival", "seo_title", "seo_description", "focus_keyword", "meta_keywords", "product_tags") VALUES ('long-rectangle-gold-earrings-l', 'Long Rectangle Gold Earrings l Dadson Jewelry (ER-11)', 'Earrings', 27, NULL, 1, '₹530', '₹999', 'New Arrival', 'https://res.cloudinary.com/dnetvfdvs/image/upload/v1780455196/dadson/products/tezyfqwzdp0x57zvikex.jpg', 'Add a touch of luxury to your jewelry collection with this beautifully crafted DADSON Jewelry piece. Made for women who love stylish, lightweight, and long-lasting accessories, this design offers a rich look without being heavy or uncomfortable. Its elegant finish makes it easy to style with western, ethnic, casual, and party wear outfits. Perfect for daily use, special occasions, and thoughtful gifting.

', NULL, NULL, 'https://res.cloudinary.com/dnetvfdvs/image/upload/v1780455197/dadson/size_charts/lfvu4vl9bchlhndts3zx.jpg', 'simple', 'instock', FALSE, 'Crafted with high-quality anti-tarnish material and finished with fine detailing, this jewelry is designed to maintain its shine and beauty for a long time. Each piece is carefully made with smooth edges, elegant finishing, and a comfortable lightweight feel. The premium coating helps protect the jewelry from dullness and gives it a lasting golden shine.', 'Avoid perfume and chemicals. Store in a dry pouch or jewelry box after use. Clean with a soft dry cloth to keep your DADSON Jewelry shining longer.', FALSE, FALSE, 'Textured Rectangle Gold Earrings for Women | Dadson Jewelry ', 'Modern textured rectangle drop earrings with a premium gold finish. Anti-tarnish, lightweight, and stylish for every occasion.', 'Rectangle Gold Earrings', 'rectangle earrings, textured earrings, gold drop earrings, anti tarnish jewelry, geometric earrings', '#RectangleEarrings #GoldEarrings #GeometricJewelry #AntiTarnishJewelry #ModernJewelry #WomenFashion #StatementEarrings #DailyWearJewelry #GiftForWomen #DADSONJewelry');
INSERT INTO "product" ("id", "name", "cat_name", "category_id", "sub_category_id", "brand_id", "price", "orig", "badge", "img", "desc", "sizes", "colors", "size_chart", "product_type", "stock_status", "is_featured", "materials", "care", "is_best_seller", "is_new_arrival", "seo_title", "seo_description", "focus_keyword", "meta_keywords", "product_tags") VALUES ('pink-heart-hoop-earrings-l-dad', 'Pink Heart Hoop Earrings l Dadson Jewelry (ER-08)', 'Earrings', 27, NULL, 1, '₹460', '₹920', 'New Arrival', 'https://res.cloudinary.com/dnetvfdvs/image/upload/v1780455062/dadson/products/pn0wo93ysbbzgyjd0rw9.jpg', 'Add a touch of luxury to your jewelry collection with this beautifully crafted DADSON Jewelry piece. Made for women who love stylish, lightweight, and long-lasting accessories, this design offers a rich look without being heavy or uncomfortable. Its elegant finish makes it easy to style with western, ethnic, casual, and party wear outfits. Perfect for daily use, special occasions, and thoughtful gifting.

', NULL, NULL, 'https://res.cloudinary.com/dnetvfdvs/image/upload/v1780455063/dadson/size_charts/tz6jfurfxotlpdmkuxjb.jpg', 'simple', 'instock', FALSE, 'Crafted with high-quality anti-tarnish material and finished with fine detailing, this jewelry is designed to maintain its shine and beauty for a long time. Each piece is carefully made with smooth edges, elegant finishing, and a comfortable lightweight feel. The premium coating helps protect the jewelry from dullness and gives it a lasting golden shine.', 'Avoid perfume and chemicals. Store in a dry pouch or jewelry box after use. Clean with a soft dry cloth to keep your DADSON Jewelry shining longer.', FALSE, FALSE, 'Pink Heart Hoop Earrings for Women | DADSON Jewelry', 'Cute pink heart hoop earrings designed for trendy women. Lightweight, anti-tarnish, stylish, and perfect for daily wear.', 'Pink Heart Earrings', 'pink heart earrings, hoop earrings, anti tarnish earrings, cute earrings, women jewelry, trendy earrings', '#HeartEarrings #PinkEarrings #HoopEarrings #CuteJewelry #AntiTarnishJewelry #WomenAccessories #FashionJewelry #GiftForWomen #DailyWearJewelry #DADSONJewelry');
INSERT INTO "product" ("id", "name", "cat_name", "category_id", "sub_category_id", "brand_id", "price", "orig", "badge", "img", "desc", "sizes", "colors", "size_chart", "product_type", "stock_status", "is_featured", "materials", "care", "is_best_seller", "is_new_arrival", "seo_title", "seo_description", "focus_keyword", "meta_keywords", "product_tags") VALUES ('dadson-golden-leaf-drop-earrin', 'DADSON Golden Leaf Drop Earrings (ER-10)', 'Earrings', 27, NULL, 1, '₹530', '₹999', 'New Arrival', 'https://res.cloudinary.com/dnetvfdvs/image/upload/v1780455139/dadson/products/foho6ob6rqnzgao1xxax.jpg', 'Add a touch of luxury to your jewelry collection with this beautifully crafted DADSON Jewelry piece. Made for women who love stylish, lightweight, and long-lasting accessories, this design offers a rich look without being heavy or uncomfortable. Its elegant finish makes it easy to style with western, ethnic, casual, and party wear outfits. Perfect for daily use, special occasions, and thoughtful gifting.

', NULL, NULL, 'https://res.cloudinary.com/dnetvfdvs/image/upload/v1780455140/dadson/size_charts/edn1acgsfu4ddlv6devg.jpg', 'simple', 'instock', FALSE, 'Crafted with high-quality anti-tarnish material and finished with fine detailing, this jewelry is designed to maintain its shine and beauty for a long time. Each piece is carefully made with smooth edges, elegant finishing, and a comfortable lightweight feel. The premium coating helps protect the jewelry from dullness and gives it a lasting golden shine.', 'Avoid perfume and chemicals. Store in a dry pouch or jewelry box after use. Clean with a soft dry cloth to keep your DADSON Jewelry shining longer.', FALSE, FALSE, 'Golden Leaf Drop Earrings for Women | Dadson Jewelry ', 'Nature-inspired leaf drop earrings with a luxurious gold finish. Lightweight, anti-tarnish, and perfect for elegant styling.', 'Leaf Drop Earrings', 'leaf earrings, gold drop earrings, anti tarnish earrings, statement earrings, women jewelry, nature inspired jewelry', '#LeafEarrings #DropEarrings #GoldJewelry #AntiTarnishJewelry #StatementEarrings #ElegantJewelry #WomenAccessories #PartyWearJewelry #GiftForWomen #DADSONJewelry');
INSERT INTO "product" ("id", "name", "cat_name", "category_id", "sub_category_id", "brand_id", "price", "orig", "badge", "img", "desc", "sizes", "colors", "size_chart", "product_type", "stock_status", "is_featured", "materials", "care", "is_best_seller", "is_new_arrival", "seo_title", "seo_description", "focus_keyword", "meta_keywords", "product_tags") VALUES ('dadson-green-heart-hoop-earrin', 'DADSON Green Heart Hoop Earrings (ER-09)', 'Earrings', 27, NULL, 1, '₹460', '₹920', 'Trendy Product', 'https://res.cloudinary.com/dnetvfdvs/image/upload/v1780455110/dadson/products/hohsn5j1xk0m0xbnmaw8.jpg', 'Add a touch of luxury to your jewelry collection with this beautifully crafted DADSON Jewelry piece. Made for women who love stylish, lightweight, and long-lasting accessories, this design offers a rich look without being heavy or uncomfortable. Its elegant finish makes it easy to style with western, ethnic, casual, and party wear outfits. Perfect for daily use, special occasions, and thoughtful gifting.

', NULL, NULL, 'https://res.cloudinary.com/dnetvfdvs/image/upload/v1780455111/dadson/size_charts/l2aimixvyknybeyljekl.jpg', 'simple', 'instock', FALSE, 'Crafted with high-quality anti-tarnish material and finished with fine detailing, this jewelry is designed to maintain its shine and beauty for a long time. Each piece is carefully made with smooth edges, elegant finishing, and a comfortable lightweight feel. The premium coating helps protect the jewelry from dullness and gives it a lasting golden shine.', 'Avoid perfume and chemicals. Store in a dry pouch or jewelry box after use. Clean with a soft dry cloth to keep your DADSON Jewelry shining longer.', FALSE, FALSE, 'Green Heart Hoop Earrings for Women | Dadson Jewelry ', 'Trendy green heart hoop earrings featuring a modern design and anti-tarnish finish. Ideal for everyday and party styling.', 'Green Heart Earrings', 'green heart earrings, heart hoop earrings, anti tarnish jewelry, trendy earrings, women accessories', '#GreenHeartEarrings #HeartJewelry #HoopEarrings #AntiTarnishJewelry #WomenFashion #DailyWearJewelry #GiftForWomen #ModernJewelry #TrendyAccessories #DADSONJewelry');
INSERT INTO "product" ("id", "name", "cat_name", "category_id", "sub_category_id", "brand_id", "price", "orig", "badge", "img", "desc", "sizes", "colors", "size_chart", "product_type", "stock_status", "is_featured", "materials", "care", "is_best_seller", "is_new_arrival", "seo_title", "seo_description", "focus_keyword", "meta_keywords", "product_tags") VALUES ('pearl-hoop-statement-earrings', 'Pearl Hoop Statement Earrings Dadson Jewelry  (ER-12)', 'Earrings', 27, NULL, 1, '₹530', '₹999', 'New Arrival', 'https://res.cloudinary.com/dnetvfdvs/image/upload/v1780455247/dadson/products/u5kyg4vn6h8f3sxj7nrp.jpg', 'Add a touch of luxury to your jewelry collection with this beautifully crafted DADSON Jewelry piece. Made for women who love stylish, lightweight, and long-lasting accessories, this design offers a rich look without being heavy or uncomfortable. Its elegant finish makes it easy to style with western, ethnic, casual, and party wear outfits. Perfect for daily use, special occasions, and thoughtful gifting.

', NULL, NULL, 'https://res.cloudinary.com/dnetvfdvs/image/upload/v1780455248/dadson/size_charts/xvsjfqhnrqi1alvzakjy.jpg', 'simple', 'instock', FALSE, 'Crafted with high-quality anti-tarnish material and finished with fine detailing, this jewelry is designed to maintain its shine and beauty for a long time. Each piece is carefully made with smooth edges, elegant finishing, and a comfortable lightweight feel. The premium coating helps protect the jewelry from dullness and gives it a lasting golden shine.', 'Avoid perfume and chemicals. Store in a dry pouch or jewelry box after use. Clean with a soft dry cloth to keep your DADSON Jewelry shining longer.', FALSE, FALSE, 'Pearl Hoop Statement Earrings Dadson Jewelry ', 'Elegant pearl hoop earrings with a luxurious gold finish. Anti-tarnish, lightweight, and ideal for weddings, parties, and gifting', 'Pearl Hoop Earring', 'pearl hoop earrings, pearl earrings, anti tarnish jewelry, gold earrings, women accessories, statement jewelry', '#PearlEarrings #HoopEarrings #GoldJewelry #AntiTarnishJewelry #ElegantJewelry #WomenAccessories #WeddingJewelry #PartyWearJewelry #GiftForWomen #DADSONJewelry');
INSERT INTO "product" ("id", "name", "cat_name", "category_id", "sub_category_id", "brand_id", "price", "orig", "badge", "img", "desc", "sizes", "colors", "size_chart", "product_type", "stock_status", "is_featured", "materials", "care", "is_best_seller", "is_new_arrival", "seo_title", "seo_description", "focus_keyword", "meta_keywords", "product_tags") VALUES ('dadson-jewelry-heart-pearl-anti-tarnish-earrings', 'Dadson Jewelry Heart Pearl Anti Tarnish Earrings (ER-01)', 'Earrings', 27, NULL, 1, '₹380', '₹760', 'New Arrival', 'https://res.cloudinary.com/dnetvfdvs/image/upload/v1780209680/dadson/products/uw2xtpp7l74lbebwzvqi.webp', 'Elegant heart-shaped pearl earrings designed for everyday style. Lightweight, trendy, and perfect for daily wear, parties, gifting, and special occasions.', NULL, NULL, 'https://res.cloudinary.com/dnetvfdvs/image/upload/v1780586948/dadson/size_charts/l829hrbhcxfakdjbqwhs.jpg', 'simple', 'instock', FALSE, 'Crafted with premium anti-tarnish metal finish and pearl detailing. Designed to keep its shine for longer with a stylish heart shape that adds a soft, feminine look.', 'Keep away from perfume, harsh chemicals, and direct water exposure. Store in a dry pouch or jewellery box after use. Clean gently with a soft cloth.', FALSE, FALSE, 'Dadson Jewelry Heart Pearl Anti Tarnish Earrings for Women', 'Shop Dadson Jewelry Heart Pearl Anti Tarnish Earrings for women. Stylish, lightweight, trendy earrings with pearl detail, perfect for daily wear, parties, gifting, and special occasions.', '01. Heart Pearl Anti Tarnish Earrings', 'heart pearl earrings, anti tarnish earrings, pearl earrings for women, heart earrings, stylish earrings, trendy earrings, daily wear earrings, gold earrings, dadson jewelry, women jewellery, gift earrings', '#HeartEarrings #PearlEarrings #AntiTarnishJewellery #WomenEarrings #DailyWearEarrings #TrendyJewellery #GoldEarrings #GiftForWomen #DadsonJewelry #PartyWearEarrings #FashionJewellery #JewelleryForWomen #MinimalJewellery #ElegantEarrings #PearlJewellery #HeartJewellery #AntiTarnishEarrings #StylishEarrings #AffordableJewellery #IndianJewellery');
INSERT INTO "product" ("id", "name", "cat_name", "category_id", "sub_category_id", "brand_id", "price", "orig", "badge", "img", "desc", "sizes", "colors", "size_chart", "product_type", "stock_status", "is_featured", "materials", "care", "is_best_seller", "is_new_arrival", "seo_title", "seo_description", "focus_keyword", "meta_keywords", "product_tags") VALUES ('heart-pearl-1', 'Pearl Gold Hoop Earrings l Anti tarnish Jewelry', 'Earrings', 27, NULL, 1, '₹380', '₹760', 'New Arrival', 'https://res.cloudinary.com/dnetvfdvs/image/upload/v1780661967/dadson/products/bpttu3rc26yzhifoc7lp.jpg', 'Add a touch of elegance to your everyday look with DADSON Pearl Gold Hoop Earrings. Designed with a classic pearl stud and premium gold-tone hoop design, these earrings are perfect for daily wear, party wear, office wear, and gifting.', NULL, NULL, 'https://res.cloudinary.com/dnetvfdvs/image/upload/v1780661967/dadson/size_charts/n9a8tft5do7cdjcai5ah.jpg', 'simple', 'instock', TRUE, 'Crafted with high-quality anti-tarnish gold plating and a pearl-style stud, these earrings offer a premium shine with a lightweight and comfortable fit. The modern hoop design gives a stylish and classy look for every occasion.', 'Keep away from water, perfume, sweat, and chemicals. Store in a dry pouch or jewellery box after use. Clean gently with a soft cloth to maintain shine.', TRUE, TRUE, 'Pearl Gold Hoop Earrings for Women | Anti Tarnish Jewellery', 'Shop DADSON Jewelry Pearl Gold Hoop Earrings for women. Premium anti-tarnish gold earrings with elegant pearl design, perfect for daily wear, party wear &bgifting.', 'Pearl Gold Hoop Earrings', 'pearl earrings, gold hoop earrings, anti tarnish earrings, women earrings, DADSON earrings, pearl stud earrings, daily wear earrings, party wear earrings, trendy earrings, gift for women', '#PearlEarrings #GoldEarrings #HoopEarrings #AntiTarnishJewellery #WomenEarrings #DailyWearEarrings #PartyWearEarrings #OfficeWearEarrings #TrendyJewellery #GiftForWomen #DADSONJewellery #ElegantEarrings');
INSERT INTO "product" ("id", "name", "cat_name", "category_id", "sub_category_id", "brand_id", "price", "orig", "badge", "img", "desc", "sizes", "colors", "size_chart", "product_type", "stock_status", "is_featured", "materials", "care", "is_best_seller", "is_new_arrival", "seo_title", "seo_description", "focus_keyword", "meta_keywords", "product_tags") VALUES ('testttttttt', 'Pearl Gold Drop Earrings l Anti Tarnish Jewelry', 'Earrings', 27, NULL, 1, '₹399', '₹899', 'New Arrival', 'https://res.cloudinary.com/dnetvfdvs/image/upload/v1780338629/dadson/products/rzufplkolzc8lk8icvkq.jpg', 'Add a natural luxury touch to your look with Dadson Jewelry Pearl Leaf Gold Drop Earrings. Designed with a pearl-style stud and beautiful leaf-cut gold drop design, these earrings are perfect for daily wear, party wear, festive wear, office styling, and gifting.', NULL, NULL, 'https://res.cloudinary.com/dnetvfdvs/image/upload/v1780662294/dadson/size_charts/xrlhsm18cljphotasovd.jpg', 'simple', 'instock', FALSE, 'Crafted with premium anti-tarnish gold plating and a pearl-style top stud. The unique leaf-cut detailing on the gold drop gives a stylish, elegant, and premium finish. Lightweight design makes it comfortable for long wear.', 'Keep away from water, perfume, sweat, and chemicals. Store in a dry pouch or jewellery box after use. Clean gently with a soft cloth to maintain shine and anti-tarnish finish.', FALSE, FALSE, 'Dadson Jewelry Pearl Leaf Gold Drop Earrings for Women', 'Shop Dadson Jewelry Pearl Leaf Gold Drop Earrings for women. Premium anti-tarnish gold earrings with pearl stud perfect for daily wear, party wear, office wear & gifting.', 'Pearl Leaf Gold Drop Earrings', 'pearl earrings, leaf earrings, gold drop earrings, anti tarnish earrings, pearl drop earrings, women earrings, Dadson Jewelry earrings, party wear earrings, festive earrings, daily wear earrings, gift for women, trendy gold earrings', '#PearlEarrings #LeafEarrings #GoldDropEarrings #AntiTarnishJewellery #AntiTarnishEarrings #WomenEarrings #PartyWearEarrings #DailyWearEarrings #FestiveJewellery #WeddingEarrings #StatementEarrings #TrendyJewellery #FashionJewellery #GoldEarrings #PearlJewellery #LuxuryLookEarrings #PremiumEarrings #NatureInspiredJewellery #GiftForWomen #DadsonJewelry #DadsonJewellery #JewelleryForWomen #OnlineJewellery #IndianJewellery #ElegantEarrings');
INSERT INTO "product" ("id", "name", "cat_name", "category_id", "sub_category_id", "brand_id", "price", "orig", "badge", "img", "desc", "sizes", "colors", "size_chart", "product_type", "stock_status", "is_featured", "materials", "care", "is_best_seller", "is_new_arrival", "seo_title", "seo_description", "focus_keyword", "meta_keywords", "product_tags") VALUES ('bar-pendant-necklace', 'Cherry Charm Anti Tarnish Pendant Set', 'Necklaces', 28, NULL, 1, '₹780', '₹1,560', 'New Arrival', 'https://res.cloudinary.com/dnetvfdvs/image/upload/v1780393392/dadson/products/au6yndhxekmvrqietqju.jpg', 'Add a touch of luxury to your jewelry collection with this beautifully crafted DADSON Jewelry piece. Made for women who love stylish, lightweight, and long-lasting accessories, this design offers a rich look without being heavy or uncomfortable. Its elegant finish makes it easy to style with western, ethnic, casual, and party wear outfits. Perfect for daily use, special occasions, and thoughtful gifting.', NULL, NULL, NULL, 'simple', 'instock', TRUE, 'Crafted with high-quality anti-tarnish material and finished with fine detailing, this jewelry is designed to maintain its shine and beauty for a long time. Each piece is carefully made with smooth edges, elegant finishing, and a comfortable lightweight feel. The premium coating helps protect the jewelry from dullness and gives it a lasting golden shine.', 'Avoid perfume and chemicals. Store in a dry pouch or jewelry box after use. Clean with a soft dry cloth to keep your DADSON Jewelry shining longer.', TRUE, TRUE, 'Cherry Pendant Set for Women | Dadson Jewelry', 'Shop DADSON cherry pendant set with matching earrings. Stylish anti tarnish jewelry for daily wear, party looks, gifting, and elegant outfits.', 'Cherry pendant set', 'cherry pendant set, anti tarnish jewelry, pendant set for women, cute pendant necklace, DADSON Jewelry, women jewelry', '#CherryPendantSet #AntiTarnishJewelry #PendantSet #WomenJewelry #DailyWearJewelry #DADSONJewelry #CuteJewelry #GiftForWomen');
INSERT INTO "product" ("id", "name", "cat_name", "category_id", "sub_category_id", "brand_id", "price", "orig", "badge", "img", "desc", "sizes", "colors", "size_chart", "product_type", "stock_status", "is_featured", "materials", "care", "is_best_seller", "is_new_arrival", "seo_title", "seo_description", "focus_keyword", "meta_keywords", "product_tags") VALUES ('purple-heart-anti-tarnish-pend', 'Purple Heart Anti Tarnish Pendant Set', 'Necklaces', 28, NULL, 1, '₹715', NULL, 'New Arrival', 'https://res.cloudinary.com/dnetvfdvs/image/upload/v1780395402/dadson/products/jcltar2il7miwhp777zi.jpg', 'Add a touch of luxury to your jewelry collection with this beautifully crafted DADSON Jewelry piece. Made for women who love stylish, lightweight, and long-lasting accessories, this design offers a rich look without being heavy or uncomfortable. Its elegant finish makes it easy to style with western, ethnic, casual, and party wear outfits. Perfect for daily use, special occasions, and thoughtful gifting.', NULL, NULL, NULL, 'simple', 'instock', FALSE, 'Crafted with high-quality anti-tarnish material and finished with fine detailing, this jewelry is designed to maintain its shine and beauty for a long time. Each piece is carefully made with smooth edges, elegant finishing, and a comfortable lightweight feel. The premium coating helps protect the jewelry from dullness and gives it a lasting golden shine.', 'Avoid perfume, water, sweat, and chemicals. Store in a dry pouch or jewelry box after use. Clean with a soft dry cloth to keep your DADSON Jewelry shining longer.', FALSE, FALSE, 'Purple Heart Pendant Set | DADSON Jewelry', 'Elegant purple heart pendant set by DADSON Jewelry. Anti tarnish, trendy, lightweight, and perfect for daily wear, parties, gifting, and festive looks.', 'Purple heart pendant set', 'purple heart pendant set, heart jewelry, anti tarnish pendant set, women necklace set, DADSON Jewelry, trendy jewelry', '#PurpleHeartPendantSet #HeartJewelry #AntiTarnishJewelry #TrendyJewelry #PendantSetForWomen #DADSONJewelry #PartyWearJewelry');
INSERT INTO "product" ("id", "name", "cat_name", "category_id", "sub_category_id", "brand_id", "price", "orig", "badge", "img", "desc", "sizes", "colors", "size_chart", "product_type", "stock_status", "is_featured", "materials", "care", "is_best_seller", "is_new_arrival", "seo_title", "seo_description", "focus_keyword", "meta_keywords", "product_tags") VALUES ('pastel-stone-anti-tarnish-pend', 'Pastel Stone Anti Tarnish Pendant Set', 'Necklaces', 28, NULL, 1, '₹570', '₹1,140', 'New Arrival', 'https://res.cloudinary.com/dnetvfdvs/image/upload/v1780397286/dadson/products/q7ebqnnxxghtoeogj6sm.jpg', 'Add a touch of luxury to your jewelry collection with this beautifully crafted DADSON Jewelry piece. Made for women who love stylish, lightweight, and long-lasting accessories, this design offers a rich look without being heavy or uncomfortable. Its elegant finish makes it easy to style with western, ethnic, casual, and party wear outfits. Perfect for daily use, special occasions, and thoughtful gifting.', NULL, NULL, 'https://res.cloudinary.com/dnetvfdvs/image/upload/v1780397286/dadson/size_charts/y5cvvagbyb56eht8so40.jpg', 'simple', 'instock', FALSE, 'Crafted with high-quality anti-tarnish material and finished with fine detailing, this jewelry is designed to maintain its shine and beauty for a long time. Each piece is carefully made with smooth edges, elegant finishing, and a comfortable lightweight feel. The premium coating helps protect the jewelry from dullness and gives it a lasting golden shine.', 'Avoid perfume, water, sweat, and chemicals. Store in a dry pouch or jewelry box after use. Clean with a soft dry cloth to keep your DADSON Jewelry shining longer.', FALSE, FALSE, 'Pastel Stone Pendant Set for Women | DADSON', 'Stylish pastel stone pendant set by DADSON Jewelry. Anti tarnish, lightweight, and perfect for daily wear, office looks, parties, and gifting.', 'Pastel stone pendant set', 'pastel pendant set, stone pendant necklace, anti tarnish jewelry, women pendant set, DADSON Jewelry, daily wear jewelry', '#PastelPendantSet #StonePendantSet #AntiTarnishJewelry #WomenJewelry #DADSONJewelry #DailyWearJewelry #ElegantJewelry');
INSERT INTO "product" ("id", "name", "cat_name", "category_id", "sub_category_id", "brand_id", "price", "orig", "badge", "img", "desc", "sizes", "colors", "size_chart", "product_type", "stock_status", "is_featured", "materials", "care", "is_best_seller", "is_new_arrival", "seo_title", "seo_description", "focus_keyword", "meta_keywords", "product_tags") VALUES ('white-pendant-anti-tarnish-jew', 'White Pendant Anti Tarnish Jewellery Set', 'Necklaces', 28, NULL, 1, '₹780', '₹1,560', 'New Arrival', 'https://res.cloudinary.com/dnetvfdvs/image/upload/v1780393838/dadson/products/jjwfjdwej2zycgyum13q.jpg', 'Add a touch of luxury to your jewelry collection with this beautifully crafted DADSON Jewelry piece. Made for women who love stylish, lightweight, and long-lasting accessories, this design offers a rich look without being heavy or uncomfortable. Its elegant finish makes it easy to style with western, ethnic, casual, and party wear outfits. Perfect for daily use, special occasions, and thoughtful gifting.', NULL, NULL, NULL, 'simple', 'instock', TRUE, 'Crafted with high-quality anti-tarnish material and finished with fine detailing, this jewelry is designed to maintain its shine and beauty for a long time. Each piece is carefully made with smooth edges, elegant finishing, and a comfortable lightweight feel. The premium coating helps protect the jewelry from dullness and gives it a lasting golden shine.', 'Avoid perfume and chemicals. Store in a dry pouch or jewelry box after use. Clean with a soft dry cloth to keep your DADSON Jewelry shining longer.', TRUE, TRUE, 'White Pendant Set | DADSON Jewelry', 'Elegant white geometric pendant set by DADSON Jewelry. Anti tarnish, lightweight, and perfect for daily wear, office, parties, and gifting.', 'White pendant set', 'white pendant set, geometric pendant set, anti tarnish jewelry, gold pendant set, women necklace set, DADSON Jewelry', '#WhitePendantSet #GeometricJewelry #AntiTarnishJewelry #PendantSetForWomen #GoldJewelry #DADSONJewelry #OfficeWearJewelry');
INSERT INTO "product" ("id", "name", "cat_name", "category_id", "sub_category_id", "brand_id", "price", "orig", "badge", "img", "desc", "sizes", "colors", "size_chart", "product_type", "stock_status", "is_featured", "materials", "care", "is_best_seller", "is_new_arrival", "seo_title", "seo_description", "focus_keyword", "meta_keywords", "product_tags") VALUES ('layered-pendant-set', 'Blue Knot Anti Tarnish Pendant Set', 'Necklaces', 28, NULL, 1, '₹780', '₹1,560', 'New Arrival', 'https://res.cloudinary.com/dnetvfdvs/image/upload/v1780393546/dadson/products/e25ywf9fizs2nuhzknvc.jpg', 'Add a touch of luxury to your jewelry collection with this beautifully crafted DADSON Jewelry piece. Made for women who love stylish, lightweight, and long-lasting accessories, this design offers a rich look without being heavy or uncomfortable. Its elegant finish makes it easy to style with western, ethnic, casual, and party wear outfits. Perfect for daily use, special occasions, and thoughtful gifting.Plated', NULL, NULL, NULL, 'simple', 'instock', TRUE, 'Crafted with high-quality anti-tarnish material and finished with fine detailing, this jewelry is designed to maintain its shine and beauty for a long time. Each piece is carefully made with smooth edges, elegant finishing, and a comfortable lightweight feel. The premium coating helps protect the jewelry from dullness and gives it a lasting golden shine.', 'Avoid perfume and chemicals. Store in a dry pouch or jewelry box after use. Clean with a soft dry cloth to keep your DADSON Jewelry shining longer.', TRUE, TRUE, 'Green Knot Pendant Set for Women | DADSON', 'Shop DADSON green knot pendant set with matching earrings. Anti tarnish, stylish, lightweight jewelry for daily wear, parties, and gifting.', 'Blue knot pendant set', 'green pendant set, knot pendant set, anti tarnish jewelry, gold necklace set, women jewelry, DADSON Jewelry', '#GreenPendantSet #KnotJewelry #AntiTarnishJewelry #PendantSet #DADSONJewelry #WomenJewelry #TrendyJewelry');
INSERT INTO "product" ("id", "name", "cat_name", "category_id", "sub_category_id", "brand_id", "price", "orig", "badge", "img", "desc", "sizes", "colors", "size_chart", "product_type", "stock_status", "is_featured", "materials", "care", "is_best_seller", "is_new_arrival", "seo_title", "seo_description", "focus_keyword", "meta_keywords", "product_tags") VALUES ('multicolor-round-anti-tarnish', 'Multicolor Round Anti Tarnish Pendant Set', 'Necklaces', 28, NULL, 1, '₹600', '₹1,200', 'New Arrival', 'https://res.cloudinary.com/dnetvfdvs/image/upload/v1780395405/dadson/products/fikstx3y6zy8k2vlkczd.jpg', 'Add a touch of luxury to your jewelry collection with this beautifully crafted DADSON Jewelry piece. Made for women who love stylish, lightweight, and long-lasting accessories, this design offers a rich look without being heavy or uncomfortable. Its elegant finish makes it easy to style with western, ethnic, casual, and party wear outfits. Perfect for daily use, special occasions, and thoughtful gifting.', NULL, NULL, NULL, 'simple', 'instock', FALSE, 'Crafted with high-quality anti-tarnish material and finished with fine detailing, this jewelry is designed to maintain its shine and beauty for a long time. Each piece is carefully made with smooth edges, elegant finishing, and a comfortable lightweight feel. The premium coating helps protect the jewelry from dullness and gives it a lasting golden shine.', 'Avoid perfume, water, sweat, and chemicals. Store in a dry pouch or jewelry box after use. Clean with a soft dry cloth to keep your DADSON Jewelry shining longer.', FALSE, FALSE, 'Multicolor Round Pendant Set | DADSON Jewelry', 'DADSON multicolor round pendant set with matching earrings. Stylish anti tarnish jewelry for office wear, daily styling, parties, and gifting.', 'Multicolor round pendant set', 'multicolor pendant set, round pendant necklace, anti tarnish jewelry, women pendant set, gold pendant set, DADSON Jewelry', '#MulticolorPendantSet #RoundPendantSet #AntiTarnishJewelry #WomenJewelry #DADSONJewelry #DailyWearJewelry #GiftForWomen');
INSERT INTO "product" ("id", "name", "cat_name", "category_id", "sub_category_id", "brand_id", "price", "orig", "badge", "img", "desc", "sizes", "colors", "size_chart", "product_type", "stock_status", "is_featured", "materials", "care", "is_best_seller", "is_new_arrival", "seo_title", "seo_description", "focus_keyword", "meta_keywords", "product_tags") VALUES ('black-white-round-anti-tarnish', 'Black White Round Anti Tarnish Pendant Set', 'Necklaces', 28, NULL, 1, '₹600', '₹1,200', 'New Arrival', 'https://res.cloudinary.com/dnetvfdvs/image/upload/v1780395408/dadson/products/vfcxu2elfrrmxcxhf5lu.jpg', 'Add a touch of luxury to your jewelry collection with this beautifully crafted DADSON Jewelry piece. Made for women who love stylish, lightweight, and long-lasting accessories, this design offers a rich look without being heavy or uncomfortable. Its elegant finish makes it easy to style with western, ethnic, casual, and party wear outfits. Perfect for daily use, special occasions, and thoughtful gifting.', NULL, NULL, NULL, 'simple', 'instock', FALSE, 'Crafted with high-quality anti-tarnish material and finished with fine detailing, this jewelry is designed to maintain its shine and beauty for a long time. Each piece is carefully made with smooth edges, elegant finishing, and a comfortable lightweight feel. The premium coating helps protect the jewelry from dullness and gives it a lasting golden shine.', 'Avoid perfume, water, sweat, and chemicals. Store in a dry pouch or jewelry box after use. Clean with a soft dry cloth to keep your DADSON Jewelry shining longer.', FALSE, FALSE, 'Black White Round Pendant Set | DADSON Jewelry', 'Shop DADSON black and white round pendant set. Anti tarnish, elegant, lightweight jewelry for daily wear, party wear, office looks, and gifting.', 'Black white round pendant set', 'black white pendant set, round pendant set, anti tarnish jewelry, women necklace set, gold jewelry, DADSON Jewelry', '#BlackWhitePendantSet #RoundJewelry #AntiTarnishJewelry #GoldJewelry #WomenJewelry #DADSONJewelry #OfficeWearJewelry');
INSERT INTO "product" ("id", "name", "cat_name", "category_id", "sub_category_id", "brand_id", "price", "orig", "badge", "img", "desc", "sizes", "colors", "size_chart", "product_type", "stock_status", "is_featured", "materials", "care", "is_best_seller", "is_new_arrival", "seo_title", "seo_description", "focus_keyword", "meta_keywords", "product_tags") VALUES ('white-oval-pearl-anti-tarnish', 'White Oval Pearl Anti Tarnish Pendant Set', 'Necklaces', 28, NULL, 1, '₹645', '₹1,270', 'New Arrival', 'https://res.cloudinary.com/dnetvfdvs/image/upload/v1780395411/dadson/products/phujj42ntrcjdlmh3wk2.jpg', 'Add a touch of luxury to your jewelry collection with this beautifully crafted DADSON Jewelry piece. Made for women who love stylish, lightweight, and long-lasting accessories, this design offers a rich look without being heavy or uncomfortable. Its elegant finish makes it easy to style with western, ethnic, casual, and party wear outfits. Perfect for daily use, special occasions, and thoughtful gifting.', NULL, NULL, NULL, 'simple', 'instock', FALSE, 'Crafted with high-quality anti-tarnish material and finished with fine detailing, this jewelry is designed to maintain its shine and beauty for a long time. Each piece is carefully made with smooth edges, elegant finishing, and a comfortable lightweight feel. The premium coating helps protect the jewelry from dullness and gives it a lasting golden shine.', 'Avoid perfume, water, sweat, and chemicals. Store in a dry pouch or jewelry box after use. Clean with a soft dry cloth to keep your DADSON Jewelry shining longer.', FALSE, FALSE, 'White Oval Pearl Pendant Set | DADSON Jewelry', 'Premium white oval pearl pendant set by DADSON Jewelry. Anti tarnish, elegant, lightweight, and perfect for daily wear, festive looks, and gifting.', 'White oval pearl pendant set', 'white oval pendant set, pearl pendant set, anti tarnish jewelry, women necklace set, elegant jewelry, DADSON Jewelry', '#WhitePearlPendantSet #OvalPendantSet #AntiTarnishJewelry #ElegantJewelry #WomenJewelry #DADSONJewelry #GiftForWomen');
INSERT INTO "product" ("id", "name", "cat_name", "category_id", "sub_category_id", "brand_id", "price", "orig", "badge", "img", "desc", "sizes", "colors", "size_chart", "product_type", "stock_status", "is_featured", "materials", "care", "is_best_seller", "is_new_arrival", "seo_title", "seo_description", "focus_keyword", "meta_keywords", "product_tags") VALUES ('multicolor-floral-anti-tarnish', 'Multicolor Floral Anti Tarnish Pendant Set', 'Necklaces', 28, NULL, 1, '₹600', '₹1,200', 'New Arrival', 'https://res.cloudinary.com/dnetvfdvs/image/upload/v1780397302/dadson/products/ujcvvifce69yk9fxreax.jpg', 'Add a touch of luxury to your jewelry collection with this beautifully crafted DADSON Jewelry piece. Made for women who love stylish, lightweight, and long-lasting accessories, this design offers a rich look without being heavy or uncomfortable. Its elegant finish makes it easy to style with western, ethnic, casual, and party wear outfits. Perfect for daily use, special occasions, and thoughtful gifting.', NULL, NULL, 'https://res.cloudinary.com/dnetvfdvs/image/upload/v1780397303/dadson/size_charts/djgx3mfc4dihjezcxmwm.jpg', 'simple', 'instock', TRUE, 'Crafted with high-quality anti-tarnish material and finished with fine detailing, this jewelry is designed to maintain its shine and beauty for a long time. Each piece is carefully made with smooth edges, elegant finishing, and a comfortable lightweight feel. The premium coating helps protect the jewelry from dullness and gives it a lasting golden shine.', 'Avoid perfume, water, sweat, and chemicals. Store in a dry pouch or jewelry box after use. Clean with a soft dry cloth to keep your DADSON Jewelry shining longer.', TRUE, TRUE, 'Multicolor Floral Pendant Set | DADSON Jewelry', 'Shop DADSON multicolor floral pendant set with matching earrings. Anti tarnish jewelry for stylish daily wear, parties, festive looks, and gifting.', 'Multicolor floral pendant set', 'multicolor floral pendant set, flower pendant set, anti tarnish jewelry, women necklace set, colorful jewelry, DADSON Jewelry', '#MulticolorFloralPendantSet #FlowerJewelry #AntiTarnishJewelry #ColorfulJewelry #DADSONJewelry #WomenJewelry #PartyWearJewelry');
INSERT INTO "product" ("id", "name", "cat_name", "category_id", "sub_category_id", "brand_id", "price", "orig", "badge", "img", "desc", "sizes", "colors", "size_chart", "product_type", "stock_status", "is_featured", "materials", "care", "is_best_seller", "is_new_arrival", "seo_title", "seo_description", "focus_keyword", "meta_keywords", "product_tags") VALUES ('multicolor-anti-tarnish-pendan', 'Multicolor Anti Tarnish Pendant Set', 'Necklaces', 28, NULL, 1, '₹515', '₹1,030', 'New Arrival', 'https://res.cloudinary.com/dnetvfdvs/image/upload/v1780401683/dadson/products/liz3qofudusdpzuikkxg.jpg', 'Add a touch of luxury to your jewelry collection with this beautifully crafted DADSON Jewelry piece. Made for women who love stylish, lightweight, and long-lasting accessories, this design offers a rich look without being heavy or uncomfortable. Its elegant finish makes it easy to style with western, ethnic, casual, and party wear outfits. Perfect for daily use, special occasions, and thoughtful gifting.

', NULL, NULL, 'https://res.cloudinary.com/dnetvfdvs/image/upload/v1780401684/dadson/size_charts/r4traa74afxmm9brgosi.jpg', 'simple', 'instock', TRUE, 'Crafted with high-quality anti-tarnish material and finished with fine detailing, this jewelry is designed to maintain its shine and beauty for a long time. Each piece is carefully made with smooth edges, elegant finishing, and a comfortable lightweight feel. The premium coating helps protect the jewelry from dullness and gives it a lasting golden shine.

', 'Avoid perfume and chemicals. Store in a dry pouch or jewelry box after use. Clean with a soft dry cloth to keep your DADSON Jewelry shining longer.

', TRUE, TRUE, 'Multicolor Beads Pendant Set | DADSON Jewelry', 'Elegant multicolor beads pendant set by DADSON Jewelry. Anti tarnish, lightweight, stylish, and perfect for daily wear, parties, and gifting.', 'Multicolor beads pendant set', 'multicolor beads pendant set, anti tarnish jewelry, colorful pendant set, women jewelry, DADSON Jewelry, party wear jewelry', '#MulticolorBeadsSet #AntiTarnishJewelry #PendantSetForWomen #ColorfulJewelry #DADSONJewelry #PartyWearJewelry');
INSERT INTO "product" ("id", "name", "cat_name", "category_id", "sub_category_id", "brand_id", "price", "orig", "badge", "img", "desc", "sizes", "colors", "size_chart", "product_type", "stock_status", "is_featured", "materials", "care", "is_best_seller", "is_new_arrival", "seo_title", "seo_description", "focus_keyword", "meta_keywords", "product_tags") VALUES ('white-oval-pearl-anti-tarnish-1780395435', 'White Oval Pearl Anti Tarnish Pendant Set', 'Necklaces', 28, NULL, 1, '₹645', '₹1,270', 'New Arrival', 'https://res.cloudinary.com/dnetvfdvs/image/upload/v1780395434/dadson/products/e1avn9san6n72j3wdroq.jpg', 'Add a touch of luxury to your jewelry collection with this beautifully crafted DADSON Jewelry piece. Made for women who love stylish, lightweight, and long-lasting accessories, this design offers a rich look without being heavy or uncomfortable. Its elegant finish makes it easy to style with western, ethnic, casual, and party wear outfits. Perfect for daily use, special occasions, and thoughtful gifting.', NULL, NULL, NULL, 'simple', 'instock', FALSE, 'Crafted with high-quality anti-tarnish material and finished with fine detailing, this jewelry is designed to maintain its shine and beauty for a long time. Each piece is carefully made with smooth edges, elegant finishing, and a comfortable lightweight feel. The premium coating helps protect the jewelry from dullness and gives it a lasting golden shine.', 'Avoid perfume, water, sweat, and chemicals. Store in a dry pouch or jewelry box after use. Clean with a soft dry cloth to keep your DADSON Jewelry shining longer.', FALSE, FALSE, 'White Oval Pearl Pendant Set | DADSON Jewelry', 'Premium white oval pearl pendant set by DADSON Jewelry. Anti tarnish, elegant, lightweight, and perfect for daily wear, festive looks, and gifting.', 'White oval pearl pendant set', 'white oval pendant set, pearl pendant set, anti tarnish jewelry, women necklace set, elegant jewelry, DADSON Jewelry', '#WhitePearlPendantSet #OvalPendantSet #AntiTarnishJewelry #ElegantJewelry #WomenJewelry #DADSONJewelry #GiftForWomen');
INSERT INTO "product" ("id", "name", "cat_name", "category_id", "sub_category_id", "brand_id", "price", "orig", "badge", "img", "desc", "sizes", "colors", "size_chart", "product_type", "stock_status", "is_featured", "materials", "care", "is_best_seller", "is_new_arrival", "seo_title", "seo_description", "focus_keyword", "meta_keywords", "product_tags") VALUES ('blue-green-stone-anti-tarnish', 'Blue Green Stone Anti Tarnish Pendant Set', 'Necklaces', 28, NULL, 1, '₹570', '₹1,140', 'New Arrival', 'https://res.cloudinary.com/dnetvfdvs/image/upload/v1780397282/dadson/products/jbxtgtwsrhojnv6z0qji.jpg', 'Add a touch of luxury to your jewelry collection with this beautifully crafted DADSON Jewelry piece. Made for women who love stylish, lightweight, and long-lasting accessories, this design offers a rich look without being heavy or uncomfortable. Its elegant finish makes it easy to style with western, ethnic, casual, and party wear outfits. Perfect for daily use, special occasions, and thoughtful gifting.', NULL, NULL, 'https://res.cloudinary.com/dnetvfdvs/image/upload/v1780397283/dadson/size_charts/uwkoc2wnfj9fofmyaofp.jpg', 'simple', 'instock', TRUE, 'Crafted with high-quality anti-tarnish material and finished with fine detailing, this jewelry is designed to maintain its shine and beauty for a long time. Each piece is carefully made with smooth edges, elegant finishing, and a comfortable lightweight feel. The premium coating helps protect the jewelry from dullness and gives it a lasting golden shine.', 'Avoid perfume, water, sweat, and chemicals. Store in a dry pouch or jewelry box after use. Clean with a soft dry cloth to keep your DADSON Jewelry shining longer.', TRUE, TRUE, 'Blue Green Stone Pendant Set | DADSON Jewelry', 'Shop DADSON blue green stone pendant set with matching earrings. Elegant anti tarnish jewelry for daily wear, parties, gifting, and festive looks.', 'Blue green stone pendant set', 'blue green pendant set, stone pendant set, anti tarnish jewelry, women necklace set, DADSON Jewelry, party wear jewelry', '#BlueGreenPendantSet #StoneJewelry #AntiTarnishJewelry #PendantSet #WomenJewelry #DADSONJewelry #PartyWearJewelry #GiftForWomen');
INSERT INTO "product" ("id", "name", "cat_name", "category_id", "sub_category_id", "brand_id", "price", "orig", "badge", "img", "desc", "sizes", "colors", "size_chart", "product_type", "stock_status", "is_featured", "materials", "care", "is_best_seller", "is_new_arrival", "seo_title", "seo_description", "focus_keyword", "meta_keywords", "product_tags") VALUES ('multicolor-leaf-anti-tarnish-p', 'Multicolor Leaf Anti Tarnish Pendant Set', 'Necklaces', 28, NULL, 1, '₹570', '₹1,140', 'New Arrival', 'https://res.cloudinary.com/dnetvfdvs/image/upload/v1780397288/dadson/products/fgindoqyyloacsdsbmd5.jpg', 'Add a touch of luxury to your jewelry collection with this beautifully crafted DADSON Jewelry piece. Made for women who love stylish, lightweight, and long-lasting accessories, this design offers a rich look without being heavy or uncomfortable. Its elegant finish makes it easy to style with western, ethnic, casual, and party wear outfits. Perfect for daily use, special occasions, and thoughtful gifting.', NULL, NULL, 'https://res.cloudinary.com/dnetvfdvs/image/upload/v1780397289/dadson/size_charts/s0a6fcepoqdootldrdnp.jpg', 'simple', 'instock', FALSE, 'Crafted with high-quality anti-tarnish material and finished with fine detailing, this jewelry is designed to maintain its shine and beauty for a long time. Each piece is carefully made with smooth edges, elegant finishing, and a comfortable lightweight feel. The premium coating helps protect the jewelry from dullness and gives it a lasting golden shine.', 'Avoid perfume, water, sweat, and chemicals. Store in a dry pouch or jewelry box after use. Clean with a soft dry cloth to keep your DADSON Jewelry shining longer.', FALSE, FALSE, 'Multicolor Leaf Pendant Set | DADSON Jewelry', 'DADSON multicolor leaf pendant set with matching earrings. Trendy anti tarnish jewelry for festive styling, parties, daily wear, and gifting.', 'Multicolor leaf pendant set', 'multicolor pendant set, leaf pendant set, anti tarnish jewelry, women necklace set, colorful jewelry, DADSON Jewelry', '#MulticolorPendantSet #LeafJewelry #AntiTarnishJewelry #TrendyJewelry #DADSONJewelry #WomenJewelry #FestiveJewelry');
INSERT INTO "product" ("id", "name", "cat_name", "category_id", "sub_category_id", "brand_id", "price", "orig", "badge", "img", "desc", "sizes", "colors", "size_chart", "product_type", "stock_status", "is_featured", "materials", "care", "is_best_seller", "is_new_arrival", "seo_title", "seo_description", "focus_keyword", "meta_keywords", "product_tags") VALUES ('blue-pastel-leaf-anti-tarnish', 'Blue Pastel Leaf Anti Tarnish Pendant Set', 'Necklaces', 28, NULL, 1, '₹570', '₹1,040', 'New Arrival', 'https://res.cloudinary.com/dnetvfdvs/image/upload/v1780398661/dadson/products/vgr5dm0tvkmjtjegggpg.jpg', 'Add a touch of luxury to your jewelry collection with this beautifully crafted DADSON Jewelry piece. Made for women who love stylish, lightweight, and long-lasting accessories, this design offers a rich look without being heavy or uncomfortable. Its elegant finish makes it easy to style with western, ethnic, casual, and party wear outfits. Perfect for daily use, special occasions, and thoughtful gifting.

', NULL, NULL, 'https://res.cloudinary.com/dnetvfdvs/image/upload/v1780398663/dadson/size_charts/gg9lmktcxlatcwejzxes.jpg', 'simple', 'instock', FALSE, 'Crafted with high-quality anti-tarnish material and finished with fine detailing, this jewelry is designed to maintain its shine and beauty for a long time. Each piece is carefully made with smooth edges, elegant finishing, and a comfortable lightweight feel. The premium coating helps protect the jewelry from dullness and gives it a lasting golden shine.

', 'Avoid perfume and chemicals. Store in a dry pouch or jewelry box after use. Clean with a soft dry cloth to keep your DADSON Jewelry shining longer.

', FALSE, FALSE, 'Blue Pastel Leaf Pendant Set | DADSON Jewelry', 'Shop DADSON blue pastel leaf pendant set with matching earrings. Stylish anti tarnish jewelry for daily wear, parties, gifting, and elegant looks.', 'Blue pastel leaf pendant set', 'blue pastel pendant set, leaf pendant set, anti tarnish jewelry, women necklace set, DADSON Jewelry, daily wear jewelry', '#BluePastelPendantSet #LeafJewelry #AntiTarnishJewelry #PendantSet #WomenJewelry #DADSONJewelry #GiftForWomen');
INSERT INTO "product" ("id", "name", "cat_name", "category_id", "sub_category_id", "brand_id", "price", "orig", "badge", "img", "desc", "sizes", "colors", "size_chart", "product_type", "stock_status", "is_featured", "materials", "care", "is_best_seller", "is_new_arrival", "seo_title", "seo_description", "focus_keyword", "meta_keywords", "product_tags") VALUES ('aqua-gold-beads-anti-tarnish-p', 'Aqua Gold Beads Anti Tarnish Pendant Set', 'Necklaces', 28, NULL, 1, '₹515', '₹1,030', 'New Arrival', 'https://res.cloudinary.com/dnetvfdvs/image/upload/v1780401947/dadson/products/f5twnt5fu83pd6rgrwjg.jpg', 'Add a touch of luxury to your jewelry collection with this beautifully crafted DADSON Jewelry piece. Made for women who love stylish, lightweight, and long-lasting accessories, this design offers a rich look without being heavy or uncomfortable. Its elegant finish makes it easy to style with western, ethnic, casual, and party wear outfits. Perfect for daily use, special occasions, and thoughtful gifting.

', NULL, NULL, 'https://res.cloudinary.com/dnetvfdvs/image/upload/v1780401948/dadson/size_charts/knokkd6bzzztfqefkq3h.jpg', 'simple', 'instock', FALSE, 'Crafted with high-quality anti-tarnish material and finished with fine detailing, this jewelry is designed to maintain its shine and beauty for a long time. Each piece is carefully made with smooth edges, elegant finishing, and a comfortable lightweight feel. The premium coating helps protect the jewelry from dullness and gives it a lasting golden shine.

', 'Avoid perfume and chemicals. Store in a dry pouch or jewelry box after use. Clean with a soft dry cloth to keep your DADSON Jewelry shining longer.

', FALSE, FALSE, 'Aqua Gold Beads Pendant Set | DADSON Jewelry', 'Shop DADSON aqua gold beads pendant set with matching earrings. Premium anti tarnish jewelry for elegant daily styling, parties, and gifting.', 'Aqua gold beads pendant set', 'aqua gold pendant set, beads pendant set, anti tarnish jewelry, women necklace set, DADSON Jewelry, elegant jewelry', '#AquaGoldPendantSet #BeadsJewelry #AntiTarnishJewelry #WomenJewelry #DADSONJewelry #ElegantJewelry');
INSERT INTO "product" ("id", "name", "cat_name", "category_id", "sub_category_id", "brand_id", "price", "orig", "badge", "img", "desc", "sizes", "colors", "size_chart", "product_type", "stock_status", "is_featured", "materials", "care", "is_best_seller", "is_new_arrival", "seo_title", "seo_description", "focus_keyword", "meta_keywords", "product_tags") VALUES ('gold-square-anti-tarnish-penda', 'Gold Square Anti Tarnish Pendant Set', 'Necklaces', 28, NULL, 1, '₹780', '₹1,500', 'New Arrival', 'https://res.cloudinary.com/dnetvfdvs/image/upload/v1780402987/dadson/products/vbq2tn42lhs4qdcbnxqj.jpg', 'Add a touch of luxury to your jewelry collection with this beautifully crafted DADSON Jewelry piece. Made for women who love stylish, lightweight, and long-lasting accessories, this design offers a rich look without being heavy or uncomfortable. Its elegant finish makes it easy to style with western, ethnic, casual, and party wear outfits. Perfect for daily use, special occasions, and thoughtful gifting.

', NULL, NULL, 'https://res.cloudinary.com/dnetvfdvs/image/upload/v1780402988/dadson/size_charts/p3xp7iidydix1xj8d8ix.jpg', 'simple', 'instock', TRUE, 'Crafted with high-quality anti-tarnish material and finished with fine detailing, this jewelry is designed to maintain its shine and beauty for a long time. Each piece is carefully made with smooth edges, elegant finishing, and a comfortable lightweight feel. The premium coating helps protect the jewelry from dullness and gives it a lasting golden shine.

', 'Avoid perfume and chemicals. Store in a dry pouch or jewelry box after use. Clean with a soft dry cloth to keep your DADSON Jewelry shining longer.

', TRUE, TRUE, 'Gold Square Pendant Set | DADSON Jewelry', 'DADSON gold square pendant set with matching earrings. Elegant anti tarnish jewelry for daily wear, office looks, parties, and gifting.', 'Gold square pendant set', 'gold square pendant set, anti tarnish jewelry, square pendant necklace, women jewelry, DADSON Jewelry, office wear jewelry', '#GoldSquarePendantSet #AntiTarnishJewelry #GoldJewelry #PendantSetForWomen #DADSONJewelry #OfficeWearJewelry');
INSERT INTO "product" ("id", "name", "cat_name", "category_id", "sub_category_id", "brand_id", "price", "orig", "badge", "img", "desc", "sizes", "colors", "size_chart", "product_type", "stock_status", "is_featured", "materials", "care", "is_best_seller", "is_new_arrival", "seo_title", "seo_description", "focus_keyword", "meta_keywords", "product_tags") VALUES ('multicolor-beads-anti-tarnish', 'Multicolor Beads Anti Tarnish Necklace', 'Necklaces', 28, NULL, 1, '₹490', '₹999', 'New Arrival', 'https://res.cloudinary.com/dnetvfdvs/image/upload/v1780405631/dadson/products/etbqsn9bjxajp4jarjpc.jpg', 'Add a touch of luxury to your jewelry collection with this beautifully crafted DADSON Jewelry piece. Made for women who love stylish, lightweight, and long-lasting accessories, this design offers a rich look without being heavy or uncomfortable. Its elegant finish makes it easy to style with western, ethnic, casual, and party wear outfits. Perfect for daily use, special occasions, and thoughtful gifting.

', NULL, NULL, 'https://res.cloudinary.com/dnetvfdvs/image/upload/v1780405632/dadson/size_charts/vbgnzsyvgn5wwdxueppm.jpg', 'simple', 'instock', FALSE, 'Crafted with high-quality anti-tarnish material and finished with fine detailing, this jewelry is designed to maintain its shine and beauty for a long time. Each piece is carefully made with smooth edges, elegant finishing, and a comfortable lightweight feel. The premium coating helps protect the jewelry from dullness and gives it a lasting golden shine.

', 'Avoid perfume and chemicals. Store in a dry pouch or jewelry box after use. Clean with a soft dry cloth to keep your DADSON Jewelry shining longer.

', FALSE, FALSE, 'Multicolor Beads Necklace | DADSON Jewelry', 'Shop DADSON multicolor beads necklace. Stylish anti tarnish jewelry with bold colorful beads, perfect for parties, casual looks, and gifting', 'Multicolor beads necklace', 'multicolor beads necklace, anti tarnish necklace, colorful necklace, women jewelry, statement necklace, DADSON Jewelry', '#MulticolorBeadsNecklace #ColorfulJewelry #AntiTarnishJewelry #StatementJewelry #DADSONJewelry #WomenJewelry');
INSERT INTO "product" ("id", "name", "cat_name", "category_id", "sub_category_id", "brand_id", "price", "orig", "badge", "img", "desc", "sizes", "colors", "size_chart", "product_type", "stock_status", "is_featured", "materials", "care", "is_best_seller", "is_new_arrival", "seo_title", "seo_description", "focus_keyword", "meta_keywords", "product_tags") VALUES ('dadson-white-clover-necklace-c', 'DADSON White Clover Chain l DADSON Jewelry (CH-03)', 'Chain', 29, NULL, 1, '₹390', '₹680', 'Trendy Product', 'https://res.cloudinary.com/dnetvfdvs/image/upload/v1780415990/dadson/products/efl2wj6tfkmpzp5xwo4i.jpg', 'Add a touch of luxury to your jewelry collection with this beautifully crafted DADSON Jewelry piece. Made for women who love stylish, lightweight, and long-lasting accessories, this design offers a rich look without being heavy or uncomfortable. Its elegant finish makes it easy to style with western, ethnic, casual, and party wear outfits. Perfect for daily use, special occasions, and thoughtful gifting.', NULL, NULL, NULL, 'simple', 'instock', FALSE, 'Crafted with high-quality anti-tarnish material and finished with fine detailing, this jewelry is designed to maintain its shine and beauty for a long time. Each piece is carefully made with smooth edges, elegant finishing, and a comfortable lightweight feel. The premium coating helps protect the jewelry from dullness and gives it a lasting golden shine.', 'Avoid perfume, water, sweat, and chemicals. Store in a dry pouch or jewelry box after use. Clean with a soft dry cloth to keep your DADSON Jewelry shining longer.', FALSE, FALSE, 'White Clover Chain for Women | DADSON Jewelry', 'Elegant white clover necklace featuring an anti-tarnish gold finish. Perfect for daily wear, office wear, parties, and gifting.', 'White Clover Necklace', 'white clover necklace, anti tarnish jewelry, clover pendant necklace, women necklace, gold necklace, daily wear jewelry, DADSON jewelry', '#WhiteCloverNecklace #CloverPendant #AntiTarnishJewelry #GoldNecklace #WomenJewelry #DailyWearNecklace #ElegantJewelry #GiftForWomen #FashionAccessories #DADSONJewelry');
INSERT INTO "product" ("id", "name", "cat_name", "category_id", "sub_category_id", "brand_id", "price", "orig", "badge", "img", "desc", "sizes", "colors", "size_chart", "product_type", "stock_status", "is_featured", "materials", "care", "is_best_seller", "is_new_arrival", "seo_title", "seo_description", "focus_keyword", "meta_keywords", "product_tags") VALUES ('dadson-midnight-clover-necklac', 'DADSON Midnight Clover Necklace CH-02', 'Chain', 29, NULL, 1, '₹290', '₹599', 'Trendy Product', 'https://res.cloudinary.com/dnetvfdvs/image/upload/v1780415994/dadson/products/v93kld3l2r3kjrujzvvl.jpg', 'Add a touch of luxury to your jewelry collection with this beautifully crafted DADSON Jewelry piece. Made for women who love stylish, lightweight, and long-lasting accessories, this design offers a rich look without being heavy or uncomfortable. Its elegant finish makes it easy to style with western, ethnic, casual, and party wear outfits. Perfect for daily use, special occasions, and thoughtful gifting.', NULL, NULL, NULL, 'simple', 'instock', FALSE, 'Crafted with high-quality anti-tarnish material and finished with fine detailing, this jewelry is designed to maintain its shine and beauty for a long time. Each piece is carefully made with smooth edges, elegant finishing, and a comfortable lightweight feel. The premium coating helps protect the jewelry from dullness and gives it a lasting golden shine.', 'Avoid perfume, water, sweat, and chemicals. Store in a dry pouch or jewelry box after use. Clean with a soft dry cloth to keep your DADSON Jewelry shining longer.', FALSE, FALSE, 'Black Clover Necklace for Women | DADSON Jewelry', 'Premium black clover necklace with anti-tarnish finish. A timeless luxury-inspired design perfect for everyday elegance and gifting.', 'Black Clover Necklace', 'black clover necklace, anti tarnish necklace, gold clover necklace, women necklace, luxury jewelry, daily wear jewelry, DADSON jewelry', '#BlackCloverNecklace #CloverJewelry #AntiTarnishNecklace #GoldJewelry #WomenNecklace #LuxuryJewelry #DailyWearJewelry #GiftForWomen #TrendyJewelry #DADSONJewelry');
INSERT INTO "product" ("id", "name", "cat_name", "category_id", "sub_category_id", "brand_id", "price", "orig", "badge", "img", "desc", "sizes", "colors", "size_chart", "product_type", "stock_status", "is_featured", "materials", "care", "is_best_seller", "is_new_arrival", "seo_title", "seo_description", "focus_keyword", "meta_keywords", "product_tags") VALUES ('minimal-luxe-crystal-necklace', 'Minimal Luxe Crystal Necklace l Dadson Jewelry (CH-10)', 'Chain', 29, NULL, 1, '₹430', '₹860', 'New Arrival', 'https://res.cloudinary.com/dnetvfdvs/image/upload/v1780423911/dadson/products/ijw3les9kblghwl1dho5.jpg', 'Add a touch of luxury to your jewelry collection with this beautifully crafted DADSON Jewelry piece. Made for women who love stylish, lightweight, and long-lasting accessories, this design offers a rich look without being heavy or uncomfortable. Its elegant finish makes it easy to style with western, ethnic, casual, and party wear outfits. Perfect for daily use, special occasions, and thoughtful gifting.

', NULL, NULL, 'https://res.cloudinary.com/dnetvfdvs/image/upload/v1780423912/dadson/size_charts/tzbrr2z3xxojqbhwzj2v.jpg', 'simple', 'instock', FALSE, 'Crafted with high-quality anti-tarnish material and finished with fine detailing, this jewelry is designed to maintain its shine and beauty for a long time. Each piece is carefully made with smooth edges, elegant finishing, and a comfortable lightweight feel. The premium coating helps protect the jewelry from dullness and gives it a lasting golden shine.', 'Avoid perfume and chemicals. Store in a dry pouch or jewelry box after use. Clean with a soft dry cloth to keep your DADSON Jewelry shining longer.', FALSE, FALSE, 'Minimal Luxe Crystal Necklace for Women | DADSON', 'Premium anti-tarnish crystal necklace with elegant detailing. Lightweight, stylish, and perfect for everyday luxury.', 'Crystal Pendant Necklace', 'crystal necklace, luxury necklace, anti tarnish necklace, gold pendant necklace, women jewelry, dadson jewelry', '#CrystalNecklace #LuxuryJewelry #AntiTarnishJewelry #GoldPendant #WomenFashion #DailyWearNecklace #ElegantJewelry #GiftForWomen #DADSONJewelry #TrendyAccessories');
INSERT INTO "product" ("id", "name", "cat_name", "category_id", "sub_category_id", "brand_id", "price", "orig", "badge", "img", "desc", "sizes", "colors", "size_chart", "product_type", "stock_status", "is_featured", "materials", "care", "is_best_seller", "is_new_arrival", "seo_title", "seo_description", "focus_keyword", "meta_keywords", "product_tags") VALUES ('moonstone-charm-necklace-l-dad', 'Moonstone Charm Necklace l Dadson Jewelry (CH-11)', 'Chain', 29, NULL, 1, '₹430', '₹860', 'Trendy Product', 'https://res.cloudinary.com/dnetvfdvs/image/upload/v1780423978/dadson/products/ks333dp7dhhymwe4ttir.jpg', 'Add a touch of luxury to your jewelry collection with this beautifully crafted DADSON Jewelry piece. Made for women who love stylish, lightweight, and long-lasting accessories, this design offers a rich look without being heavy or uncomfortable. Its elegant finish makes it easy to style with western, ethnic, casual, and party wear outfits. Perfect for daily use, special occasions, and thoughtful gifting.

', NULL, NULL, 'https://res.cloudinary.com/dnetvfdvs/image/upload/v1780423979/dadson/size_charts/vp8buoc0kenjeht8bueu.jpg', 'simple', 'instock', FALSE, 'Crafted with high-quality anti-tarnish material and finished with fine detailing, this jewelry is designed to maintain its shine and beauty for a long time. Each piece is carefully made with smooth edges, elegant finishing, and a comfortable lightweight feel. The premium coating helps protect the jewelry from dullness and gives it a lasting golden shine.', 'Avoid perfume and chemicals. Store in a dry pouch or jewelry box after use. Clean with a soft dry cloth to keep your DADSON Jewelry shining longer.', FALSE, FALSE, 'Moonstone Charm Necklace for Women | DADSON Jewelry', 'Beautiful moonstone-inspired pendant necklace with sparkling accents and anti-tarnish finish. Perfect for elegant styling.', 'Moonstone Necklace', 'moonstone necklace, charm necklace, anti tarnish jewelry, gold necklace, women jewelry, dadson jewelry', '#MoonstoneNecklace #CharmJewelry #AntiTarnishJewelry #GoldNecklace #ElegantJewelry #WomenAccessories #GiftForHer #DailyWearJewelry #DADSONJewelry #FashionNecklace');
INSERT INTO "product" ("id", "name", "cat_name", "category_id", "sub_category_id", "brand_id", "price", "orig", "badge", "img", "desc", "sizes", "colors", "size_chart", "product_type", "stock_status", "is_featured", "materials", "care", "is_best_seller", "is_new_arrival", "seo_title", "seo_description", "focus_keyword", "meta_keywords", "product_tags") VALUES ('dadson-golden-clover-charm-nec', 'DADSON Golden Clover Charm Necklace CH-06', 'Chain', 29, NULL, 1, '₹340', '₹680', 'Trendy Product', 'https://res.cloudinary.com/dnetvfdvs/image/upload/v1780415976/dadson/products/qrdih5azym6jrzhnsxyh.jpg', 'Add a touch of luxury to your jewelry collection with this beautifully crafted DADSON Jewelry piece. Made for women who love stylish, lightweight, and long-lasting accessories, this design offers a rich look without being heavy or uncomfortable. Its elegant finish makes it easy to style with western, ethnic, casual, and party wear outfits. Perfect for daily use, special occasions, and thoughtful gifting.', NULL, NULL, NULL, 'simple', 'instock', FALSE, 'Crafted with high-quality anti-tarnish material and finished with fine detailing, this jewelry is designed to maintain its shine and beauty for a long time. Each piece is carefully made with smooth edges, elegant finishing, and a comfortable lightweight feel. The premium coating helps protect the jewelry from dullness and gives it a lasting golden shine.', 'Avoid perfume, water, sweat, and chemicals. Store in a dry pouch or jewelry box after use. Clean with a soft dry cloth to keep your DADSON Jewelry shining longer.', FALSE, FALSE, 'Golden Clover Charm Necklace | DADSON Jewelry', 'Premium clover charm necklace with sparkling details and anti-tarnish finish. Perfect for women seeking timeless elegance and style.', 'Clover Charm Necklace', 'clover charm necklace, anti tarnish jewelry, women necklace, gold charm necklace, elegant necklace, DADSON jewelry, daily wear jewelry', '#CloverCharmNecklace #GoldNecklace #AntiTarnishJewelry #WomenJewelry #ElegantStyle #FashionNecklace #GiftForWomen #DailyWearJewelry #LuxuryJewelry #DADSONJewelry');
INSERT INTO "product" ("id", "name", "cat_name", "category_id", "sub_category_id", "brand_id", "price", "orig", "badge", "img", "desc", "sizes", "colors", "size_chart", "product_type", "stock_status", "is_featured", "materials", "care", "is_best_seller", "is_new_arrival", "seo_title", "seo_description", "focus_keyword", "meta_keywords", "product_tags") VALUES ('aura-circle-charm-necklace-l-d', 'Aura Circle Charm Necklace l Dadson Jewelry (CH-08)', 'Chain', 29, NULL, 1, '₹440', '₹880', 'Trendy Product', 'https://res.cloudinary.com/dnetvfdvs/image/upload/v1780423728/dadson/products/ysfzazomxl9fioezt2ix.jpg', 'Add a touch of luxury to your jewelry collection with this beautifully crafted DADSON Jewelry piece. Made for women who love stylish, lightweight, and long-lasting accessories, this design offers a rich look without being heavy or uncomfortable. Its elegant finish makes it easy to style with western, ethnic, casual, and party wear outfits. Perfect for daily use, special occasions, and thoughtful gifting.

', NULL, NULL, 'https://res.cloudinary.com/dnetvfdvs/image/upload/v1780423729/dadson/size_charts/phvcthmh9rincftkzi1o.jpg', 'simple', 'instock', FALSE, 'Crafted with high-quality anti-tarnish material and finished with fine detailing, this jewelry is designed to maintain its shine and beauty for a long time. Each piece is carefully made with smooth edges, elegant finishing, and a comfortable lightweight feel. The premium coating helps protect the jewelry from dullness and gives it a lasting golden shine.', 'Avoid perfume and chemicals. Store in a dry pouch or jewelry box after use. Clean with a soft dry cloth to keep your DADSON Jewelry shining longer.', FALSE, FALSE, 'Aura Circle Charm Necklace for Women | Dadson Jewelry', 'Stylish anti-tarnish necklace featuring turquoise beads, crystal accents, and a celestial charm. Perfect for daily wear and gifting.', 'Aura Circle Charm Necklace', 'aura necklace, charm necklace, turquoise bead necklace, anti tarnish necklace, gold chain necklace, women necklace, dadson jewelry', '#AuraNecklace #CharmNecklace #TurquoiseJewelry #AntiTarnishJewelry #GoldNecklace #WomenJewelry #DailyWearJewelry #GiftForWomen #DADSONJewelry #TrendyNecklace');
INSERT INTO "product" ("id", "name", "cat_name", "category_id", "sub_category_id", "brand_id", "price", "orig", "badge", "img", "desc", "sizes", "colors", "size_chart", "product_type", "stock_status", "is_featured", "materials", "care", "is_best_seller", "is_new_arrival", "seo_title", "seo_description", "focus_keyword", "meta_keywords", "product_tags") VALUES ('green-clover-station-chain-loc', 'Green Clover Station Chain Locket l Dadson Jewelry (CH-13)', 'Chain', 29, NULL, 1, '₹370', '₹740', 'Trendy Product', 'https://res.cloudinary.com/dnetvfdvs/image/upload/v1780424156/dadson/products/myk6qfyuc1hn12elax3j.jpg', 'Add a touch of luxury to your jewelry collection with this beautifully crafted DADSON Jewelry piece. Made for women who love stylish, lightweight, and long-lasting accessories, this design offers a rich look without being heavy or uncomfortable. Its elegant finish makes it easy to style with western, ethnic, casual, and party wear outfits. Perfect for daily use, special occasions, and thoughtful gifting.

', NULL, NULL, 'https://res.cloudinary.com/dnetvfdvs/image/upload/v1780424157/dadson/size_charts/lenb1jt5jd8vwbatkdub.jpg', 'simple', 'instock', FALSE, 'Crafted with high-quality anti-tarnish material and finished with fine detailing, this jewelry is designed to maintain its shine and beauty for a long time. Each piece is carefully made with smooth edges, elegant finishing, and a comfortable lightweight feel. The premium coating helps protect the jewelry from dullness and gives it a lasting golden shine.', 'Avoid perfume and chemicals. Store in a dry pouch or jewelry box after use. Clean with a soft dry cloth to keep your DADSON Jewelry shining longer.', FALSE, FALSE, 'Green Clover Chain for Women | DADSON Jewelry', 'Classic green clover necklace with anti-tarnish finish and elegant gold detailing. Perfect for daily wear and gifting.', 'Green Clover Chain', 'green clover necklace, anti tarnish necklace, women jewelry, gold necklace, clover pendant necklace, dadson jewelry', '#GreenCloverNecklace #CloverJewelry #AntiTarnishJewelry #GoldNecklace #WomenJewelry #DailyWearAccessories #LuxuryStyle #GiftForHer #DADSONJewelry #FashionJewelry');
INSERT INTO "product" ("id", "name", "cat_name", "category_id", "sub_category_id", "brand_id", "price", "orig", "badge", "img", "desc", "sizes", "colors", "size_chart", "product_type", "stock_status", "is_featured", "materials", "care", "is_best_seller", "is_new_arrival", "seo_title", "seo_description", "focus_keyword", "meta_keywords", "product_tags") VALUES ('heart-pendant-chain-necklace-l', 'Heart Pendant Chain Necklace l Dadson Jewelry (CH-09)', 'Chain', 29, NULL, 1, '₹365', '₹730', 'Trendy Product', 'https://res.cloudinary.com/dnetvfdvs/image/upload/v1780423816/dadson/products/klgvezwwpvfa5wlkybih.jpg', 'Add a touch of luxury to your jewelry collection with this beautifully crafted DADSON Jewelry piece. Made for women who love stylish, lightweight, and long-lasting accessories, this design offers a rich look without being heavy or uncomfortable. Its elegant finish makes it easy to style with western, ethnic, casual, and party wear outfits. Perfect for daily use, special occasions, and thoughtful gifting.

', NULL, NULL, 'https://res.cloudinary.com/dnetvfdvs/image/upload/v1780423817/dadson/size_charts/ozk2khduh4phet36km6a.jpg', 'simple', 'instock', FALSE, 'Crafted with high-quality anti-tarnish material and finished with fine detailing, this jewelry is designed to maintain its shine and beauty for a long time. Each piece is carefully made with smooth edges, elegant finishing, and a comfortable lightweight feel. The premium coating helps protect the jewelry from dullness and gives it a lasting golden shine.', 'Avoid perfume and chemicals. Store in a dry pouch or jewelry box after use. Clean with a soft dry cloth to keep your DADSON Jewelry shining longer.', FALSE, FALSE, 'Heart Pendant Gold Necklace for Women | DADSON Jewelry', 'Elegant heart pendant necklace with a sleek gold chain and anti-tarnish finish. A timeless accessory for every occasion.', 'Heart Pendant Necklace', 'heart necklace, gold pendant necklace, anti tarnish jewelry, women necklace, minimalist necklace, dadson jewelry', '#HeartPendant #GoldNecklace #AntiTarnishJewelry #WomenJewelry #MinimalistJewelry #GiftForHer #DailyWearJewelry #ElegantNecklace #DADSONJewelry #FashionJewelry');
INSERT INTO "product" ("id", "name", "cat_name", "category_id", "sub_category_id", "brand_id", "price", "orig", "badge", "img", "desc", "sizes", "colors", "size_chart", "product_type", "stock_status", "is_featured", "materials", "care", "is_best_seller", "is_new_arrival", "seo_title", "seo_description", "focus_keyword", "meta_keywords", "product_tags") VALUES ('seashell-pendant-chain-l-dadso', 'Seashell Pendant Chain l Dadson Jewelry (CH-14)', 'Chain', 29, NULL, 1, '₹390', NULL, 'Trendy Product', 'https://res.cloudinary.com/dnetvfdvs/image/upload/v1780424212/dadson/products/lwcnnjz4kywd5mc5tumx.jpg', 'Add a touch of luxury to your jewelry collection with this beautifully crafted DADSON Jewelry piece. Made for women who love stylish, lightweight, and long-lasting accessories, this design offers a rich look without being heavy or uncomfortable. Its elegant finish makes it easy to style with western, ethnic, casual, and party wear outfits. Perfect for daily use, special occasions, and thoughtful gifting.

', NULL, NULL, 'https://res.cloudinary.com/dnetvfdvs/image/upload/v1780424213/dadson/size_charts/kejrbxurjo9eo2hjpva1.jpg', 'simple', 'instock', FALSE, 'Crafted with high-quality anti-tarnish material and finished with fine detailing, this jewelry is designed to maintain its shine and beauty for a long time. Each piece is carefully made with smooth edges, elegant finishing, and a comfortable lightweight feel. The premium coating helps protect the jewelry from dullness and gives it a lasting golden shine.', 'Avoid perfume and chemicals. Store in a dry pouch or jewelry box after use. Clean with a soft dry cloth to keep your DADSON Jewelry shining longer.', FALSE, FALSE, 'Seashell Pendant Gold Necklace for Women | DADSON', 'Chic seashell pendant necklace with anti-tarnish finish and minimalist design. A perfect beach-inspired fashion accessory.', 'Seashell Pendant Necklace', 'seashell necklace, shell pendant necklace, anti tarnish jewelry, gold necklace, beach jewelry, women necklace, dadson jewelry', '#SeashellNecklace #ShellPendant #AntiTarnishJewelry #GoldNecklace #BeachJewelry #WomenFashion #MinimalistJewelry #GiftForWomen #DADSONJewelry #TrendyAccessories');
INSERT INTO "product" ("id", "name", "cat_name", "category_id", "sub_category_id", "brand_id", "price", "orig", "badge", "img", "desc", "sizes", "colors", "size_chart", "product_type", "stock_status", "is_featured", "materials", "care", "is_best_seller", "is_new_arrival", "seo_title", "seo_description", "focus_keyword", "meta_keywords", "product_tags") VALUES ('red-clover-station-necklace-l', 'Red Clover Station Necklace l Dadson Jewelry (CH-12)', 'Chain', 29, NULL, 1, '₹370', '₹740', 'Trendy Product', 'https://res.cloudinary.com/dnetvfdvs/image/upload/v1780424070/dadson/products/kcjhwsecz0rg8ekd54ig.jpg', 'Add a touch of luxury to your jewelry collection with this beautifully crafted DADSON Jewelry piece. Made for women who love stylish, lightweight, and long-lasting accessories, this design offers a rich look without being heavy or uncomfortable. Its elegant finish makes it easy to style with western, ethnic, casual, and party wear outfits. Perfect for daily use, special occasions, and thoughtful gifting.

', NULL, NULL, 'https://res.cloudinary.com/dnetvfdvs/image/upload/v1780424071/dadson/size_charts/knrplxjzlfenwgofmmre.jpg', 'simple', 'instock', FALSE, 'Crafted with high-quality anti-tarnish material and finished with fine detailing, this jewelry is designed to maintain its shine and beauty for a long time. Each piece is carefully made with smooth edges, elegant finishing, and a comfortable lightweight feel. The premium coating helps protect the jewelry from dullness and gives it a lasting golden shine.', 'Avoid perfume and chemicals. Store in a dry pouch or jewelry box after use. Clean with a soft dry cloth to keep your DADSON Jewelry shining longer.', FALSE, FALSE, 'Red Clover Gold Necklace for Women | DADSON Jewelry', 'Elegant red clover station necklace crafted with anti-tarnish materials. A luxurious statement piece for every occasion.', 'Red Clover Necklace', 'red clover necklace, station necklace, anti tarnish jewelry, women necklace, gold clover necklace, dadson jewelry', '#RedCloverNecklace #CloverJewelry #GoldNecklace #AntiTarnishJewelry #WomenFashion #LuxuryJewelry #GiftForWomen #ElegantAccessories #DADSONJewelry #TrendyNecklace');
INSERT INTO "product" ("id", "name", "cat_name", "category_id", "sub_category_id", "brand_id", "price", "orig", "badge", "img", "desc", "sizes", "colors", "size_chart", "product_type", "stock_status", "is_featured", "materials", "care", "is_best_seller", "is_new_arrival", "seo_title", "seo_description", "focus_keyword", "meta_keywords", "product_tags") VALUES ('dadson-elegant-bloom-pendant-n', 'DADSON Elegant Bloom Pendant Necklace CH-07', 'Chain', 29, NULL, 1, '₹415', '₹630', 'Trendy Product', 'https://res.cloudinary.com/dnetvfdvs/image/upload/v1780415970/dadson/products/nqchvlwetlnngo5lea8m.jpg', 'Add a touch of luxury to your jewelry collection with this beautifully crafted DADSON Jewelry piece. Made for women who love stylish, lightweight, and long-lasting accessories, this design offers a rich look without being heavy or uncomfortable. Its elegant finish makes it easy to style with western, ethnic, casual, and party wear outfits. Perfect for daily use, special occasions, and thoughtful gifting.', NULL, NULL, 'https://res.cloudinary.com/dnetvfdvs/image/upload/v1780424394/dadson/size_charts/zhmj0xigmqqdyryaulsr.jpg', 'simple', 'instock', FALSE, 'Crafted with high-quality anti-tarnish material and finished with fine detailing, this jewelry is designed to maintain its shine and beauty for a long time. Each piece is carefully made with smooth edges, elegant finishing, and a comfortable lightweight feel. The premium coating helps protect the jewelry from dullness and gives it a lasting golden shine.', 'Avoid perfume, water, sweat, and chemicals. Store in a dry pouch or jewelry box after use. Clean with a soft dry cloth to keep your DADSON Jewelry shining longer.', FALSE, FALSE, 'Elegant Bloom Pendant Necklace | DADSON Jewelry', 'Sophisticated floral pendant necklace with anti-tarnish finish. A graceful jewelry piece perfect for everyday elegance and gifting.', 'Floral Pendant Necklace', 'floral pendant necklace, bloom pendant necklace, anti tarnish jewelry, women necklace, gold pendant, DADSON jewelry, elegant jewelry', '#FloralPendant #BloomPendant #AntiTarnishJewelry #GoldNecklace #WomenJewelry #ElegantJewelry #GiftForWomen #DailyWearNecklace #FashionAccessories #DADSONJewelry');
INSERT INTO "product" ("id", "name", "cat_name", "category_id", "sub_category_id", "brand_id", "price", "orig", "badge", "img", "desc", "sizes", "colors", "size_chart", "product_type", "stock_status", "is_featured", "materials", "care", "is_best_seller", "is_new_arrival", "seo_title", "seo_description", "focus_keyword", "meta_keywords", "product_tags") VALUES ('dadson-golden-diamond-charm-ne', 'DADSON Golden Diamond Charm Necklace CH-05', 'Chain', 29, NULL, 1, '₹390', '₹680', 'Trendy Product', 'https://res.cloudinary.com/dnetvfdvs/image/upload/v1780415981/dadson/products/bqquu41u2aguwrjcdqtt.jpg', 'Add a touch of luxury to your jewelry collection with this beautifully crafted DADSON Jewelry piece. Made for women who love stylish, lightweight, and long-lasting accessories, this design offers a rich look without being heavy or uncomfortable. Its elegant finish makes it easy to style with western, ethnic, casual, and party wear outfits. Perfect for daily use, special occasions, and thoughtful gifting.', NULL, NULL, 'https://res.cloudinary.com/dnetvfdvs/image/upload/v1780424506/dadson/size_charts/dfmdudxmxb1gdtzvqwtu.jpg', 'simple', 'instock', FALSE, 'Crafted with high-quality anti-tarnish material and finished with fine detailing, this jewelry is designed to maintain its shine and beauty for a long time. Each piece is carefully made with smooth edges, elegant finishing, and a comfortable lightweight feel. The premium coating helps protect the jewelry from dullness and gives it a lasting golden shine.', 'Avoid perfume, water, sweat, and chemicals. Store in a dry pouch or jewelry box after use. Clean with a soft dry cloth to keep your DADSON Jewelry shining longer.', FALSE, FALSE, 'Golden Diamond Charm Necklace | DADSON Jewelry', 'Stylish geometric diamond charm necklace with anti-tarnish finish. Elegant, lightweight, and suitable for daily and party wear.', 'Diamond Charm Necklace', 'diamond charm necklace, geometric pendant necklace, anti tarnish necklace, gold necklace for women, women jewelry, DADSON jewelry', '#DiamondCharmNecklace #GeometricNecklace #AntiTarnishJewelry #GoldPendant #WomenJewelry #ElegantNecklace #FashionAccessories #GiftForWomen #DailyWearJewelry #DADSONJewelry');
INSERT INTO "product" ("id", "name", "cat_name", "category_id", "sub_category_id", "brand_id", "price", "orig", "badge", "img", "desc", "sizes", "colors", "size_chart", "product_type", "stock_status", "is_featured", "materials", "care", "is_best_seller", "is_new_arrival", "seo_title", "seo_description", "focus_keyword", "meta_keywords", "product_tags") VALUES ('dadson-golden-butterfly-layere', 'DADSON Golden Butterfly Layered Necklace CH-04', 'Chain', 29, NULL, 1, '₹455', '₹710', 'Trendy Product', 'https://res.cloudinary.com/dnetvfdvs/image/upload/v1780415986/dadson/products/wggqu0iarrovrij90ts6.jpg', 'Add a touch of luxury to your jewelry collection with this beautifully crafted DADSON Jewelry piece. Made for women who love stylish, lightweight, and long-lasting accessories, this design offers a rich look without being heavy or uncomfortable. Its elegant finish makes it easy to style with western, ethnic, casual, and party wear outfits. Perfect for daily use, special occasions, and thoughtful gifting.', NULL, NULL, 'https://res.cloudinary.com/dnetvfdvs/image/upload/v1780424441/dadson/size_charts/fftstclwcem4rwylrywf.jpg', 'simple', 'instock', FALSE, 'Crafted with high-quality anti-tarnish material and finished with fine detailing, this jewelry is designed to maintain its shine and beauty for a long time. Each piece is carefully made with smooth edges, elegant finishing, and a comfortable lightweight feel. The premium coating helps protect the jewelry from dullness and gives it a lasting golden shine.', 'Avoid perfume, water, sweat, and chemicals. Store in a dry pouch or jewelry box after use. Clean with a soft dry cloth to keep your DADSON Jewelry shining longer.', FALSE, FALSE, 'Butterfly Layered Necklace for Women | DADSON Jewelry', 'Beautiful layered butterfly necklace with anti-tarnish finish. Lightweight and trendy design ideal for daily wear and special occasions.', 'Butterfly Layered Chain', 'butterfly necklace, layered necklace, anti tarnish necklace, butterfly pendant necklace, women jewelry, trendy necklace, DADSON jewelry', '#ButterflyNecklace #LayeredNecklace #AntiTarnishJewelry #GoldJewelry #WomenNecklace #TrendyJewelry #FashionNecklace #GiftForWomen #ElegantStyle #DADSONJewelry');
INSERT INTO "product" ("id", "name", "cat_name", "category_id", "sub_category_id", "brand_id", "price", "orig", "badge", "img", "desc", "sizes", "colors", "size_chart", "product_type", "stock_status", "is_featured", "materials", "care", "is_best_seller", "is_new_arrival", "seo_title", "seo_description", "focus_keyword", "meta_keywords", "product_tags") VALUES ('golden-maple-pearl-necklace', 'DADSON Golden Maple Pearl Necklace CH-01', 'Chain', 29, NULL, 1, '₹390', '₹599', 'Trendy Product', 'https://res.cloudinary.com/dnetvfdvs/image/upload/v1780415999/dadson/products/avhrgk24xw74cutifrxo.jpg', 'Add a touch of luxury to your jewelry collection with this beautifully crafted DADSON Jewelry piece. Made for women who love stylish, lightweight, and long-lasting accessories, this design offers a rich look without being heavy or uncomfortable. Its elegant finish makes it easy to style with western, ethnic, casual, and party wear outfits. Perfect for daily use, special occasions, and thoughtful gifting.', NULL, NULL, 'https://res.cloudinary.com/dnetvfdvs/image/upload/v1780424650/dadson/size_charts/m41inhkoghtkodawbykf.jpg', 'simple', 'instock', FALSE, 'Crafted with high-quality anti-tarnish material and finished with fine detailing, this jewelry is designed to maintain its shine and beauty for a long time. Each piece is carefully made with smooth edges, elegant finishing, and a comfortable lightweight feel. The premium coating helps protect the jewelry from dullness and gives it a lasting golden shine.', 'Avoid perfume, water, sweat, and chemicals. Store in a dry pouch or jewelry box after use. Clean with a soft dry cloth to keep your DADSON Jewelry shining longer.', FALSE, FALSE, 'Golden Maple Pearl Necklace for Women | DADSON Jewelry', 'Elegant maple leaf and pearl necklace crafted with anti-tarnish finish. Lightweight, stylish, and perfect for daily wear, gifting, and special occasions.', 'Maple Pearl Necklace', 'maple pearl necklace, pearl necklace for women, anti tarnish necklace, gold necklace, leaf pendant necklace, women jewelry, DADSON jewelry, daily wear necklace', '#MaplePearlNecklace #PearlNecklace #AntiTarnishJewelry #GoldNecklace #WomenJewelry #DailyWearJewelry #GiftForWomen #ElegantNecklace #FashionJewelry #DADSONJewelry');

-- Table: product_attribute (91 rows)
DELETE FROM "product_attribute";
INSERT INTO "product_attribute" ("id", "product_id", "attribute_id") VALUES (162, 'kada-2', 7);
INSERT INTO "product_attribute" ("id", "product_id", "attribute_id") VALUES (18, 'bar-pendant-necklace', 7);
INSERT INTO "product_attribute" ("id", "product_id", "attribute_id") VALUES (19, 'layered-pendant-set', 7);
INSERT INTO "product_attribute" ("id", "product_id", "attribute_id") VALUES (21, 'necklace', 1);
INSERT INTO "product_attribute" ("id", "product_id", "attribute_id") VALUES (22, 'necklace', 7);
INSERT INTO "product_attribute" ("id", "product_id", "attribute_id") VALUES (23, 'white-pendant-anti-tarnish-jew', 7);
INSERT INTO "product_attribute" ("id", "product_id", "attribute_id") VALUES (24, 'minimalist-chain', 7);
INSERT INTO "product_attribute" ("id", "product_id", "attribute_id") VALUES (25, 'blue-heart-anti-tarnish-pendan', 7);
INSERT INTO "product_attribute" ("id", "product_id", "attribute_id") VALUES (26, 'purple-heart-anti-tarnish-pend', 7);
INSERT INTO "product_attribute" ("id", "product_id", "attribute_id") VALUES (27, 'multicolor-round-anti-tarnish', 7);
INSERT INTO "product_attribute" ("id", "product_id", "attribute_id") VALUES (28, 'black-white-round-anti-tarnish', 7);
INSERT INTO "product_attribute" ("id", "product_id", "attribute_id") VALUES (29, 'white-oval-pearl-anti-tarnish', 7);
INSERT INTO "product_attribute" ("id", "product_id", "attribute_id") VALUES (30, 'white-oval-pearl-anti-tarnish-1780395435', 7);
INSERT INTO "product_attribute" ("id", "product_id", "attribute_id") VALUES (31, 'blue-green-stone-anti-tarnish', 7);
INSERT INTO "product_attribute" ("id", "product_id", "attribute_id") VALUES (32, 'pastel-stone-anti-tarnish-pend', 7);
INSERT INTO "product_attribute" ("id", "product_id", "attribute_id") VALUES (33, 'multicolor-leaf-anti-tarnish-p', 7);
INSERT INTO "product_attribute" ("id", "product_id", "attribute_id") VALUES (34, 'pastel-flower-anti-tarnish-pen', 7);
INSERT INTO "product_attribute" ("id", "product_id", "attribute_id") VALUES (35, 'multicolor-floral-anti-tarnish', 7);
INSERT INTO "product_attribute" ("id", "product_id", "attribute_id") VALUES (37, 'multicolor-anti-tarnish-pendan', 7);
INSERT INTO "product_attribute" ("id", "product_id", "attribute_id") VALUES (38, 'aqua-gold-beads-anti-tarnish-p', 7);
INSERT INTO "product_attribute" ("id", "product_id", "attribute_id") VALUES (39, 'gold-square-anti-tarnish-penda', 7);
INSERT INTO "product_attribute" ("id", "product_id", "attribute_id") VALUES (40, 'multicolor-beads-anti-tarnish', 7);
INSERT INTO "product_attribute" ("id", "product_id", "attribute_id") VALUES (41, 'white-gold-beads-anti-tarnish', 7);
INSERT INTO "product_attribute" ("id", "product_id", "attribute_id") VALUES (58, 'kada-6', 7);
INSERT INTO "product_attribute" ("id", "product_id", "attribute_id") VALUES (59, 'dadson-classic-pearl-anti-tarn', 7);
INSERT INTO "product_attribute" ("id", "product_id", "attribute_id") VALUES (68, 'dadson-midnight-clover-necklac', 7);
INSERT INTO "product_attribute" ("id", "product_id", "attribute_id") VALUES (70, 'dadson-golden-clover-charm-nec', 7);
INSERT INTO "product_attribute" ("id", "product_id", "attribute_id") VALUES (73, 'aura-circle-charm-necklace-l-d', 7);
INSERT INTO "product_attribute" ("id", "product_id", "attribute_id") VALUES (74, 'heart-pendant-chain-necklace-l', 7);
INSERT INTO "product_attribute" ("id", "product_id", "attribute_id") VALUES (75, 'minimal-luxe-crystal-necklace', 7);
INSERT INTO "product_attribute" ("id", "product_id", "attribute_id") VALUES (76, 'moonstone-charm-necklace-l-dad', 7);
INSERT INTO "product_attribute" ("id", "product_id", "attribute_id") VALUES (77, 'red-clover-station-necklace-l', 7);
INSERT INTO "product_attribute" ("id", "product_id", "attribute_id") VALUES (78, 'green-clover-station-chain-loc', 7);
INSERT INTO "product_attribute" ("id", "product_id", "attribute_id") VALUES (79, 'seashell-pendant-chain-l-dadso', 7);
INSERT INTO "product_attribute" ("id", "product_id", "attribute_id") VALUES (80, 'dadson-golden-butterfly-layere', 7);
INSERT INTO "product_attribute" ("id", "product_id", "attribute_id") VALUES (81, 'dadson-golden-diamond-charm-ne', 7);
INSERT INTO "product_attribute" ("id", "product_id", "attribute_id") VALUES (82, 'golden-maple-pearl-necklace', 7);
INSERT INTO "product_attribute" ("id", "product_id", "attribute_id") VALUES (83, 'watch-1', 7);
INSERT INTO "product_attribute" ("id", "product_id", "attribute_id") VALUES (84, 'watch-3', 7);
INSERT INTO "product_attribute" ("id", "product_id", "attribute_id") VALUES (85, 'watch-2', 7);
INSERT INTO "product_attribute" ("id", "product_id", "attribute_id") VALUES (86, 'dadson-pink-dial-luxury-bracel', 7);
INSERT INTO "product_attribute" ("id", "product_id", "attribute_id") VALUES (87, 'dadson-green-dial-crystal-brac', 7);
INSERT INTO "product_attribute" ("id", "product_id", "attribute_id") VALUES (88, 'dadson-evil-eye-bracelet-watch', 7);
INSERT INTO "product_attribute" ("id", "product_id", "attribute_id") VALUES (89, 'dadson-pearl-bracelet-watch-fo', 7);
INSERT INTO "product_attribute" ("id", "product_id", "attribute_id") VALUES (90, 'dadson-multicolor-stone-bracel', 7);
INSERT INTO "product_attribute" ("id", "product_id", "attribute_id") VALUES (95, 'dadson-jewelry-l-pearl-gold-ho', 7);
INSERT INTO "product_attribute" ("id", "product_id", "attribute_id") VALUES (96, 'floral-bloom-gold-earrings-l-d', 7);
INSERT INTO "product_attribute" ("id", "product_id", "attribute_id") VALUES (97, 'triple-layer-gold-hoop-earring', 7);
INSERT INTO "product_attribute" ("id", "product_id", "attribute_id") VALUES (98, 'dadson-green-stone-vintage-stu', 7);
INSERT INTO "product_attribute" ("id", "product_id", "attribute_id") VALUES (99, 'pink-heart-hoop-earrings-l-dad', 7);
INSERT INTO "product_attribute" ("id", "product_id", "attribute_id") VALUES (101, 'dadson-green-heart-hoop-earrin', 7);
INSERT INTO "product_attribute" ("id", "product_id", "attribute_id") VALUES (102, 'dadson-golden-leaf-drop-earrin', 7);
INSERT INTO "product_attribute" ("id", "product_id", "attribute_id") VALUES (103, 'long-rectangle-gold-earrings-l', 7);
INSERT INTO "product_attribute" ("id", "product_id", "attribute_id") VALUES (104, 'pearl-hoop-statement-earrings', 7);
INSERT INTO "product_attribute" ("id", "product_id", "attribute_id") VALUES (105, 'dadson-tiger-eye-stone-bracele', 7);
INSERT INTO "product_attribute" ("id", "product_id", "attribute_id") VALUES (106, 'layered-gold-statement-cuff-br', 7);
INSERT INTO "product_attribute" ("id", "product_id", "attribute_id") VALUES (107, 'gold-cuff-bracelet-l-dadson-je', 7);
INSERT INTO "product_attribute" ("id", "product_id", "attribute_id") VALUES (108, 'ruby-stone-open-bracelet-kd-13', 7);
INSERT INTO "product_attribute" ("id", "product_id", "attribute_id") VALUES (109, 'royal-leaf-gold-cuff-bracelet', 7);
INSERT INTO "product_attribute" ("id", "product_id", "attribute_id") VALUES (110, 'crystal-line-gold-kada-l-dadso', 7);
INSERT INTO "product_attribute" ("id", "product_id", "attribute_id") VALUES (111, 'leaf-sparkle-gold-kada-l-dadso', 7);
INSERT INTO "product_attribute" ("id", "product_id", "attribute_id") VALUES (112, 'crystal-screw-design-bangle-ka', 7);
INSERT INTO "product_attribute" ("id", "product_id", "attribute_id") VALUES (113, 'crystal-leaf-gold-bangle-style', 7);
INSERT INTO "product_attribute" ("id", "product_id", "attribute_id") VALUES (114, 'chain-link-gold-kada-l-dadson', 7);
INSERT INTO "product_attribute" ("id", "product_id", "attribute_id") VALUES (115, 'crystal-gold-bangle-for-women', 7);
INSERT INTO "product_attribute" ("id", "product_id", "attribute_id") VALUES (117, 'layered-gold-kada-l-anti-tarni', 7);
INSERT INTO "product_attribute" ("id", "product_id", "attribute_id") VALUES (119, 'panther-charm-brown-bracelet-l', 7);
INSERT INTO "product_attribute" ("id", "product_id", "attribute_id") VALUES (120, 'panther-charm-white-bracelet-k', 7);
INSERT INTO "product_attribute" ("id", "product_id", "attribute_id") VALUES (121, 'panther-charm-white-bracelet-k-1780494613', 7);
INSERT INTO "product_attribute" ("id", "product_id", "attribute_id") VALUES (122, 'cat-charm-bracelet--black--l-d', 7);
INSERT INTO "product_attribute" ("id", "product_id", "attribute_id") VALUES (123, 'cat-charm-white-bracelet-l-dad', 7);
INSERT INTO "product_attribute" ("id", "product_id", "attribute_id") VALUES (124, 'sky-blue-stone-statement-cuff', 7);
INSERT INTO "product_attribute" ("id", "product_id", "attribute_id") VALUES (125, 'resin-blue-bracelet-l-dadson-j', 7);
INSERT INTO "product_attribute" ("id", "product_id", "attribute_id") VALUES (126, 'resin-peach-bracelet-l-dadson', 7);
INSERT INTO "product_attribute" ("id", "product_id", "attribute_id") VALUES (127, 'resin-multi-color-bracelet-l-d', 7);
INSERT INTO "product_attribute" ("id", "product_id", "attribute_id") VALUES (129, 'luxury-gold--brown--white-colo', 7);
INSERT INTO "product_attribute" ("id", "product_id", "attribute_id") VALUES (130, 'luxury-gold--peach--white-colo', 7);
INSERT INTO "product_attribute" ("id", "product_id", "attribute_id") VALUES (131, 'luxury-gold--red--white-color', 7);
INSERT INTO "product_attribute" ("id", "product_id", "attribute_id") VALUES (132, 'luxury-gold--blue-color-anti-t', 7);
INSERT INTO "product_attribute" ("id", "product_id", "attribute_id") VALUES (133, 'luxury-gold--black--white-colo', 7);
INSERT INTO "product_attribute" ("id", "product_id", "attribute_id") VALUES (134, 'luxury-gold-white-color-anti-t', 7);
INSERT INTO "product_attribute" ("id", "product_id", "attribute_id") VALUES (146, 'heart-pearl-1', 7);
INSERT INTO "product_attribute" ("id", "product_id", "attribute_id") VALUES (147, 'testttttttt', 7);
INSERT INTO "product_attribute" ("id", "product_id", "attribute_id") VALUES (148, 'dadson-jewelry-heart-pearl-anti-tarnish-earrings', 7);
INSERT INTO "product_attribute" ("id", "product_id", "attribute_id") VALUES (150, 'dadson-abstract-gold-anti-tarn', 7);
INSERT INTO "product_attribute" ("id", "product_id", "attribute_id") VALUES (151, 'kada-3', 7);
INSERT INTO "product_attribute" ("id", "product_id", "attribute_id") VALUES (152, 'dadson-floral-bloom-anti-tarni', 7);
INSERT INTO "product_attribute" ("id", "product_id", "attribute_id") VALUES (155, 'crystal-leaf-gold-bracelet-l-d', 7);
INSERT INTO "product_attribute" ("id", "product_id", "attribute_id") VALUES (157, 'dadson-modern-wave-anti-tarnis', 7);
INSERT INTO "product_attribute" ("id", "product_id", "attribute_id") VALUES (158, 'dadson-layered-gold-anti-tarni', 7);
INSERT INTO "product_attribute" ("id", "product_id", "attribute_id") VALUES (160, 'kada-5', 7);

-- Table: product_image (40 rows)
DELETE FROM "product_image";
INSERT INTO "product_image" ("id", "product_id", "attribute_value_id", "img_url") VALUES (2, 'watch-1', NULL, 'https://res.cloudinary.com/dnetvfdvs/image/upload/v1779357381/dadson/products/gallery/eyqplehalxc0eanv0oxw.png');
INSERT INTO "product_image" ("id", "product_id", "attribute_value_id", "img_url") VALUES (5, 'golden-maple-pearl-necklace', NULL, 'https://res.cloudinary.com/dnetvfdvs/image/upload/v1779365892/dadson/products/gallery/ytu1irwlfuvc2z6j1mha.png');
INSERT INTO "product_image" ("id", "product_id", "attribute_value_id", "img_url") VALUES (6, 'golden-maple-pearl-necklace', NULL, 'https://res.cloudinary.com/dnetvfdvs/image/upload/v1779365894/dadson/products/gallery/qdch7edrezr1rhlncjng.png');
INSERT INTO "product_image" ("id", "product_id", "attribute_value_id", "img_url") VALUES (8, 'golden-maple-pearl-necklace', NULL, 'https://res.cloudinary.com/dnetvfdvs/image/upload/v1779365896/dadson/products/gallery/uudbqym5qeeryhrb20en.png');
INSERT INTO "product_image" ("id", "product_id", "attribute_value_id", "img_url") VALUES (9, 'golden-maple-pearl-necklace', NULL, 'https://res.cloudinary.com/dnetvfdvs/image/upload/v1779365898/dadson/products/gallery/zxjhpnv1t18230npvu13.png');
INSERT INTO "product_image" ("id", "product_id", "attribute_value_id", "img_url") VALUES (10, 'watch-2', NULL, 'https://res.cloudinary.com/dnetvfdvs/image/upload/v1779366008/dadson/products/gallery/jfzfs5psziumu1qsegug.png');
INSERT INTO "product_image" ("id", "product_id", "attribute_value_id", "img_url") VALUES (12, 'dadson-jewelry-l-pearl-gold-ho', NULL, 'https://res.cloudinary.com/dnetvfdvs/image/upload/v1780380270/dadson/products/gallery/mqqyycdzktbmpa80xr0q.jpg');
INSERT INTO "product_image" ("id", "product_id", "attribute_value_id", "img_url") VALUES (13, 'testttttttt', NULL, 'https://res.cloudinary.com/dnetvfdvs/image/upload/v1780381200/dadson/products/gallery/gnoox20dm8rdl0qlanrc.jpg');
INSERT INTO "product_image" ("id", "product_id", "attribute_value_id", "img_url") VALUES (15, 'blue-pastel-leaf-anti-tarnish', NULL, 'https://res.cloudinary.com/dnetvfdvs/image/upload/v1780398665/dadson/products/gallery/gragte9sutc7uecexhr1.jpg');
INSERT INTO "product_image" ("id", "product_id", "attribute_value_id", "img_url") VALUES (17, 'aura-circle-charm-necklace-l-d', NULL, 'https://res.cloudinary.com/dnetvfdvs/image/upload/v1780423731/dadson/products/gallery/y1s4azmyyfm8dqxcqjbj.jpg');
INSERT INTO "product_image" ("id", "product_id", "attribute_value_id", "img_url") VALUES (18, 'heart-pendant-chain-necklace-l', NULL, 'https://res.cloudinary.com/dnetvfdvs/image/upload/v1780423819/dadson/products/gallery/t2yg8dbnzljbdyudh4bn.jpg');
INSERT INTO "product_image" ("id", "product_id", "attribute_value_id", "img_url") VALUES (19, 'minimal-luxe-crystal-necklace', NULL, 'https://res.cloudinary.com/dnetvfdvs/image/upload/v1780423914/dadson/products/gallery/drxpqijehtnfpxzecg2o.jpg');
INSERT INTO "product_image" ("id", "product_id", "attribute_value_id", "img_url") VALUES (20, 'moonstone-charm-necklace-l-dad', NULL, 'https://res.cloudinary.com/dnetvfdvs/image/upload/v1780423981/dadson/products/gallery/bt2ck0oh5psqqxnnps0p.jpg');
INSERT INTO "product_image" ("id", "product_id", "attribute_value_id", "img_url") VALUES (21, 'red-clover-station-necklace-l', NULL, 'https://res.cloudinary.com/dnetvfdvs/image/upload/v1780424073/dadson/products/gallery/molj040t7ljwry7c1szo.jpg');
INSERT INTO "product_image" ("id", "product_id", "attribute_value_id", "img_url") VALUES (22, 'green-clover-station-chain-loc', NULL, 'https://res.cloudinary.com/dnetvfdvs/image/upload/v1780424159/dadson/products/gallery/jntymkd5giysynflcjnb.jpg');
INSERT INTO "product_image" ("id", "product_id", "attribute_value_id", "img_url") VALUES (23, 'seashell-pendant-chain-l-dadso', NULL, 'https://res.cloudinary.com/dnetvfdvs/image/upload/v1780424215/dadson/products/gallery/pdfdl0aztg9z05qcdjdq.jpg');
INSERT INTO "product_image" ("id", "product_id", "attribute_value_id", "img_url") VALUES (24, 'dadson-elegant-bloom-pendant-n', NULL, 'https://res.cloudinary.com/dnetvfdvs/image/upload/v1780424396/dadson/products/gallery/iqc1pohpyhl2bdbeuqh3.jpg');
INSERT INTO "product_image" ("id", "product_id", "attribute_value_id", "img_url") VALUES (25, 'dadson-golden-butterfly-layere', NULL, 'https://res.cloudinary.com/dnetvfdvs/image/upload/v1780424443/dadson/products/gallery/h9fijqnqt6knh4wnwaai.jpg');
INSERT INTO "product_image" ("id", "product_id", "attribute_value_id", "img_url") VALUES (26, 'dadson-golden-diamond-charm-ne', NULL, 'https://res.cloudinary.com/dnetvfdvs/image/upload/v1780424507/dadson/products/gallery/jx4xt1laszpicxypgokz.jpg');
INSERT INTO "product_image" ("id", "product_id", "attribute_value_id", "img_url") VALUES (28, 'dadson-tiger-eye-stone-bracele', NULL, 'https://res.cloudinary.com/dnetvfdvs/image/upload/v1780453666/dadson/products/gallery/o5fs76hsiy6wbcyysufu.jpg');
INSERT INTO "product_image" ("id", "product_id", "attribute_value_id", "img_url") VALUES (29, 'floral-bloom-gold-earrings-l-d', NULL, 'https://res.cloudinary.com/dnetvfdvs/image/upload/v1780454945/dadson/products/gallery/uvikzxavo3gy4dnvt4dj.jpg');
INSERT INTO "product_image" ("id", "product_id", "attribute_value_id", "img_url") VALUES (30, 'triple-layer-gold-hoop-earring', NULL, 'https://res.cloudinary.com/dnetvfdvs/image/upload/v1780454992/dadson/products/gallery/f8l0ytufnwzodqd318ao.jpg');
INSERT INTO "product_image" ("id", "product_id", "attribute_value_id", "img_url") VALUES (31, 'dadson-green-stone-vintage-stu', NULL, 'https://res.cloudinary.com/dnetvfdvs/image/upload/v1780455021/dadson/products/gallery/ieomnrlmq4wh5qeuftzc.jpg');
INSERT INTO "product_image" ("id", "product_id", "attribute_value_id", "img_url") VALUES (32, 'dadson-golden-leaf-drop-earrin', NULL, 'https://res.cloudinary.com/dnetvfdvs/image/upload/v1780455142/dadson/products/gallery/chj93akbli6p4opgidw1.jpg');
INSERT INTO "product_image" ("id", "product_id", "attribute_value_id", "img_url") VALUES (33, 'long-rectangle-gold-earrings-l', NULL, 'https://res.cloudinary.com/dnetvfdvs/image/upload/v1780455199/dadson/products/gallery/lddqrtuxxov3hsiyqpyd.jpg');
INSERT INTO "product_image" ("id", "product_id", "attribute_value_id", "img_url") VALUES (34, 'pearl-hoop-statement-earrings', NULL, 'https://res.cloudinary.com/dnetvfdvs/image/upload/v1780455249/dadson/products/gallery/gjujtb7aic6ecp0fvxev.jpg');
INSERT INTO "product_image" ("id", "product_id", "attribute_value_id", "img_url") VALUES (35, 'luxury-gold--peach--white-colo', NULL, 'https://res.cloudinary.com/dnetvfdvs/image/upload/v1780583751/dadson/products/gallery/znh8bxbrpw84udx5tepr.jpg');
INSERT INTO "product_image" ("id", "product_id", "attribute_value_id", "img_url") VALUES (36, 'luxury-gold--red--white-color', NULL, 'https://res.cloudinary.com/dnetvfdvs/image/upload/v1780583756/dadson/products/gallery/ccy9ffqkhvr8ouxzkjax.jpg');
INSERT INTO "product_image" ("id", "product_id", "attribute_value_id", "img_url") VALUES (37, 'luxury-gold--blue-color-anti-t', NULL, 'https://res.cloudinary.com/dnetvfdvs/image/upload/v1780583757/dadson/products/gallery/g8miivmyhbvhqscyklbw.jpg');
INSERT INTO "product_image" ("id", "product_id", "attribute_value_id", "img_url") VALUES (38, 'luxury-gold--black--white-colo', NULL, 'https://res.cloudinary.com/dnetvfdvs/image/upload/v1780583761/dadson/products/gallery/d4podycy99okkgb0sp5b.jpg');
INSERT INTO "product_image" ("id", "product_id", "attribute_value_id", "img_url") VALUES (39, 'luxury-gold-white-color-anti-t', NULL, 'https://res.cloudinary.com/dnetvfdvs/image/upload/v1780584830/dadson/products/gallery/licponjm325uczsvwuxz.jpg');
INSERT INTO "product_image" ("id", "product_id", "attribute_value_id", "img_url") VALUES (41, 'dadson-jewelry-heart-pearl-anti-tarnish-earrings', NULL, 'https://res.cloudinary.com/dnetvfdvs/image/upload/v1780586647/dadson/products/gallery/g9zg39kr6vtyhxdnfq32.jpg');
INSERT INTO "product_image" ("id", "product_id", "attribute_value_id", "img_url") VALUES (42, 'heart-pearl-1', NULL, 'https://res.cloudinary.com/dnetvfdvs/image/upload/v1780662066/dadson/products/gallery/e6dtwcmuaysqpcquo1kv.jpg');
INSERT INTO "product_image" ("id", "product_id", "attribute_value_id", "img_url") VALUES (43, 'dadson-abstract-gold-anti-tarn', NULL, 'https://res.cloudinary.com/dnetvfdvs/image/upload/v1780664286/dadson/products/gallery/ujihxlg1yjlitfw9jvxj.jpg');
INSERT INTO "product_image" ("id", "product_id", "attribute_value_id", "img_url") VALUES (44, 'kada-3', NULL, 'https://res.cloudinary.com/dnetvfdvs/image/upload/v1780664621/dadson/products/gallery/bhhsoior4t26hwz288vd.jpg');
INSERT INTO "product_image" ("id", "product_id", "attribute_value_id", "img_url") VALUES (46, 'crystal-leaf-gold-bracelet-l-d', NULL, 'https://res.cloudinary.com/dnetvfdvs/image/upload/v1780665149/dadson/products/gallery/wgwurafwnj9jynqlo48z.jpg');
INSERT INTO "product_image" ("id", "product_id", "attribute_value_id", "img_url") VALUES (47, 'kada-2', NULL, 'https://res.cloudinary.com/dnetvfdvs/image/upload/v1780665471/dadson/products/gallery/diz8dz7qvsbntjecgf9c.jpg');
INSERT INTO "product_image" ("id", "product_id", "attribute_value_id", "img_url") VALUES (48, 'dadson-modern-wave-anti-tarnis', NULL, 'https://res.cloudinary.com/dnetvfdvs/image/upload/v1780667358/dadson/products/gallery/xhixyzzgkokokaatorxy.jpg');
INSERT INTO "product_image" ("id", "product_id", "attribute_value_id", "img_url") VALUES (49, 'dadson-layered-gold-anti-tarni', NULL, 'https://res.cloudinary.com/dnetvfdvs/image/upload/v1780667850/dadson/products/gallery/uibvlhk6nisv4d6gbddd.jpg');
INSERT INTO "product_image" ("id", "product_id", "attribute_value_id", "img_url") VALUES (54, 'kada-5', NULL, 'https://res.cloudinary.com/dnetvfdvs/image/upload/v1780672537/dadson/products/gallery/mvhtnio9egvgxgg5x8va.jpg');

-- Table: product_variation (0 rows)
DELETE FROM "product_variation";

-- Table: review (0 rows)
DELETE FROM "review";

-- Table: selected_attribute_value (91 rows)
DELETE FROM "selected_attribute_value";
INSERT INTO "selected_attribute_value" ("id", "product_id", "attribute_id", "attribute_value_id") VALUES (15, 'bar-pendant-necklace', 7, 6);
INSERT INTO "selected_attribute_value" ("id", "product_id", "attribute_id", "attribute_value_id") VALUES (16, 'layered-pendant-set', 7, 6);
INSERT INTO "selected_attribute_value" ("id", "product_id", "attribute_id", "attribute_value_id") VALUES (18, 'necklace', 1, 2);
INSERT INTO "selected_attribute_value" ("id", "product_id", "attribute_id", "attribute_value_id") VALUES (19, 'necklace', 7, 6);
INSERT INTO "selected_attribute_value" ("id", "product_id", "attribute_id", "attribute_value_id") VALUES (20, 'white-pendant-anti-tarnish-jew', 7, 6);
INSERT INTO "selected_attribute_value" ("id", "product_id", "attribute_id", "attribute_value_id") VALUES (21, 'minimalist-chain', 7, 6);
INSERT INTO "selected_attribute_value" ("id", "product_id", "attribute_id", "attribute_value_id") VALUES (22, 'blue-heart-anti-tarnish-pendan', 7, 6);
INSERT INTO "selected_attribute_value" ("id", "product_id", "attribute_id", "attribute_value_id") VALUES (23, 'purple-heart-anti-tarnish-pend', 7, 6);
INSERT INTO "selected_attribute_value" ("id", "product_id", "attribute_id", "attribute_value_id") VALUES (24, 'multicolor-round-anti-tarnish', 7, 6);
INSERT INTO "selected_attribute_value" ("id", "product_id", "attribute_id", "attribute_value_id") VALUES (25, 'black-white-round-anti-tarnish', 7, 6);
INSERT INTO "selected_attribute_value" ("id", "product_id", "attribute_id", "attribute_value_id") VALUES (26, 'white-oval-pearl-anti-tarnish', 7, 6);
INSERT INTO "selected_attribute_value" ("id", "product_id", "attribute_id", "attribute_value_id") VALUES (27, 'white-oval-pearl-anti-tarnish-1780395435', 7, 6);
INSERT INTO "selected_attribute_value" ("id", "product_id", "attribute_id", "attribute_value_id") VALUES (28, 'blue-green-stone-anti-tarnish', 7, 6);
INSERT INTO "selected_attribute_value" ("id", "product_id", "attribute_id", "attribute_value_id") VALUES (29, 'pastel-stone-anti-tarnish-pend', 7, 6);
INSERT INTO "selected_attribute_value" ("id", "product_id", "attribute_id", "attribute_value_id") VALUES (30, 'multicolor-leaf-anti-tarnish-p', 7, 6);
INSERT INTO "selected_attribute_value" ("id", "product_id", "attribute_id", "attribute_value_id") VALUES (31, 'pastel-flower-anti-tarnish-pen', 7, 6);
INSERT INTO "selected_attribute_value" ("id", "product_id", "attribute_id", "attribute_value_id") VALUES (32, 'multicolor-floral-anti-tarnish', 7, 6);
INSERT INTO "selected_attribute_value" ("id", "product_id", "attribute_id", "attribute_value_id") VALUES (34, 'multicolor-anti-tarnish-pendan', 7, 6);
INSERT INTO "selected_attribute_value" ("id", "product_id", "attribute_id", "attribute_value_id") VALUES (35, 'aqua-gold-beads-anti-tarnish-p', 7, 6);
INSERT INTO "selected_attribute_value" ("id", "product_id", "attribute_id", "attribute_value_id") VALUES (36, 'gold-square-anti-tarnish-penda', 7, 6);
INSERT INTO "selected_attribute_value" ("id", "product_id", "attribute_id", "attribute_value_id") VALUES (37, 'multicolor-beads-anti-tarnish', 7, 6);
INSERT INTO "selected_attribute_value" ("id", "product_id", "attribute_id", "attribute_value_id") VALUES (38, 'white-gold-beads-anti-tarnish', 7, 6);
INSERT INTO "selected_attribute_value" ("id", "product_id", "attribute_id", "attribute_value_id") VALUES (57, 'kada-6', 7, 6);
INSERT INTO "selected_attribute_value" ("id", "product_id", "attribute_id", "attribute_value_id") VALUES (58, 'dadson-classic-pearl-anti-tarn', 7, 6);
INSERT INTO "selected_attribute_value" ("id", "product_id", "attribute_id", "attribute_value_id") VALUES (67, 'dadson-midnight-clover-necklac', 7, 6);
INSERT INTO "selected_attribute_value" ("id", "product_id", "attribute_id", "attribute_value_id") VALUES (69, 'dadson-golden-clover-charm-nec', 7, 6);
INSERT INTO "selected_attribute_value" ("id", "product_id", "attribute_id", "attribute_value_id") VALUES (72, 'aura-circle-charm-necklace-l-d', 7, 6);
INSERT INTO "selected_attribute_value" ("id", "product_id", "attribute_id", "attribute_value_id") VALUES (73, 'heart-pendant-chain-necklace-l', 7, 6);
INSERT INTO "selected_attribute_value" ("id", "product_id", "attribute_id", "attribute_value_id") VALUES (74, 'minimal-luxe-crystal-necklace', 7, 6);
INSERT INTO "selected_attribute_value" ("id", "product_id", "attribute_id", "attribute_value_id") VALUES (75, 'moonstone-charm-necklace-l-dad', 7, 6);
INSERT INTO "selected_attribute_value" ("id", "product_id", "attribute_id", "attribute_value_id") VALUES (76, 'red-clover-station-necklace-l', 7, 6);
INSERT INTO "selected_attribute_value" ("id", "product_id", "attribute_id", "attribute_value_id") VALUES (77, 'green-clover-station-chain-loc', 7, 6);
INSERT INTO "selected_attribute_value" ("id", "product_id", "attribute_id", "attribute_value_id") VALUES (78, 'seashell-pendant-chain-l-dadso', 7, 6);
INSERT INTO "selected_attribute_value" ("id", "product_id", "attribute_id", "attribute_value_id") VALUES (79, 'dadson-golden-butterfly-layere', 7, 6);
INSERT INTO "selected_attribute_value" ("id", "product_id", "attribute_id", "attribute_value_id") VALUES (80, 'dadson-golden-diamond-charm-ne', 7, 6);
INSERT INTO "selected_attribute_value" ("id", "product_id", "attribute_id", "attribute_value_id") VALUES (81, 'golden-maple-pearl-necklace', 7, 6);
INSERT INTO "selected_attribute_value" ("id", "product_id", "attribute_id", "attribute_value_id") VALUES (82, 'watch-1', 7, 6);
INSERT INTO "selected_attribute_value" ("id", "product_id", "attribute_id", "attribute_value_id") VALUES (83, 'watch-3', 7, 6);
INSERT INTO "selected_attribute_value" ("id", "product_id", "attribute_id", "attribute_value_id") VALUES (84, 'watch-2', 7, 6);
INSERT INTO "selected_attribute_value" ("id", "product_id", "attribute_id", "attribute_value_id") VALUES (85, 'dadson-pink-dial-luxury-bracel', 7, 6);
INSERT INTO "selected_attribute_value" ("id", "product_id", "attribute_id", "attribute_value_id") VALUES (86, 'dadson-green-dial-crystal-brac', 7, 6);
INSERT INTO "selected_attribute_value" ("id", "product_id", "attribute_id", "attribute_value_id") VALUES (87, 'dadson-evil-eye-bracelet-watch', 7, 6);
INSERT INTO "selected_attribute_value" ("id", "product_id", "attribute_id", "attribute_value_id") VALUES (88, 'dadson-pearl-bracelet-watch-fo', 7, 6);
INSERT INTO "selected_attribute_value" ("id", "product_id", "attribute_id", "attribute_value_id") VALUES (89, 'dadson-multicolor-stone-bracel', 7, 6);
INSERT INTO "selected_attribute_value" ("id", "product_id", "attribute_id", "attribute_value_id") VALUES (94, 'dadson-jewelry-l-pearl-gold-ho', 7, 6);
INSERT INTO "selected_attribute_value" ("id", "product_id", "attribute_id", "attribute_value_id") VALUES (95, 'floral-bloom-gold-earrings-l-d', 7, 6);
INSERT INTO "selected_attribute_value" ("id", "product_id", "attribute_id", "attribute_value_id") VALUES (96, 'triple-layer-gold-hoop-earring', 7, 6);
INSERT INTO "selected_attribute_value" ("id", "product_id", "attribute_id", "attribute_value_id") VALUES (97, 'dadson-green-stone-vintage-stu', 7, 6);
INSERT INTO "selected_attribute_value" ("id", "product_id", "attribute_id", "attribute_value_id") VALUES (98, 'pink-heart-hoop-earrings-l-dad', 7, 6);
INSERT INTO "selected_attribute_value" ("id", "product_id", "attribute_id", "attribute_value_id") VALUES (100, 'dadson-green-heart-hoop-earrin', 7, 6);
INSERT INTO "selected_attribute_value" ("id", "product_id", "attribute_id", "attribute_value_id") VALUES (101, 'dadson-golden-leaf-drop-earrin', 7, 6);
INSERT INTO "selected_attribute_value" ("id", "product_id", "attribute_id", "attribute_value_id") VALUES (102, 'long-rectangle-gold-earrings-l', 7, 6);
INSERT INTO "selected_attribute_value" ("id", "product_id", "attribute_id", "attribute_value_id") VALUES (103, 'pearl-hoop-statement-earrings', 7, 6);
INSERT INTO "selected_attribute_value" ("id", "product_id", "attribute_id", "attribute_value_id") VALUES (104, 'dadson-tiger-eye-stone-bracele', 7, 6);
INSERT INTO "selected_attribute_value" ("id", "product_id", "attribute_id", "attribute_value_id") VALUES (105, 'layered-gold-statement-cuff-br', 7, 6);
INSERT INTO "selected_attribute_value" ("id", "product_id", "attribute_id", "attribute_value_id") VALUES (106, 'gold-cuff-bracelet-l-dadson-je', 7, 6);
INSERT INTO "selected_attribute_value" ("id", "product_id", "attribute_id", "attribute_value_id") VALUES (107, 'ruby-stone-open-bracelet-kd-13', 7, 6);
INSERT INTO "selected_attribute_value" ("id", "product_id", "attribute_id", "attribute_value_id") VALUES (108, 'royal-leaf-gold-cuff-bracelet', 7, 6);
INSERT INTO "selected_attribute_value" ("id", "product_id", "attribute_id", "attribute_value_id") VALUES (109, 'crystal-line-gold-kada-l-dadso', 7, 6);
INSERT INTO "selected_attribute_value" ("id", "product_id", "attribute_id", "attribute_value_id") VALUES (110, 'leaf-sparkle-gold-kada-l-dadso', 7, 6);
INSERT INTO "selected_attribute_value" ("id", "product_id", "attribute_id", "attribute_value_id") VALUES (111, 'crystal-screw-design-bangle-ka', 7, 6);
INSERT INTO "selected_attribute_value" ("id", "product_id", "attribute_id", "attribute_value_id") VALUES (112, 'crystal-leaf-gold-bangle-style', 7, 6);
INSERT INTO "selected_attribute_value" ("id", "product_id", "attribute_id", "attribute_value_id") VALUES (113, 'chain-link-gold-kada-l-dadson', 7, 6);
INSERT INTO "selected_attribute_value" ("id", "product_id", "attribute_id", "attribute_value_id") VALUES (114, 'crystal-gold-bangle-for-women', 7, 6);
INSERT INTO "selected_attribute_value" ("id", "product_id", "attribute_id", "attribute_value_id") VALUES (116, 'layered-gold-kada-l-anti-tarni', 7, 6);
INSERT INTO "selected_attribute_value" ("id", "product_id", "attribute_id", "attribute_value_id") VALUES (118, 'panther-charm-brown-bracelet-l', 7, 6);
INSERT INTO "selected_attribute_value" ("id", "product_id", "attribute_id", "attribute_value_id") VALUES (119, 'panther-charm-white-bracelet-k', 7, 6);
INSERT INTO "selected_attribute_value" ("id", "product_id", "attribute_id", "attribute_value_id") VALUES (120, 'panther-charm-white-bracelet-k-1780494613', 7, 6);
INSERT INTO "selected_attribute_value" ("id", "product_id", "attribute_id", "attribute_value_id") VALUES (121, 'cat-charm-bracelet--black--l-d', 7, 6);
INSERT INTO "selected_attribute_value" ("id", "product_id", "attribute_id", "attribute_value_id") VALUES (122, 'cat-charm-white-bracelet-l-dad', 7, 6);
INSERT INTO "selected_attribute_value" ("id", "product_id", "attribute_id", "attribute_value_id") VALUES (123, 'sky-blue-stone-statement-cuff', 7, 6);
INSERT INTO "selected_attribute_value" ("id", "product_id", "attribute_id", "attribute_value_id") VALUES (124, 'resin-blue-bracelet-l-dadson-j', 7, 6);
INSERT INTO "selected_attribute_value" ("id", "product_id", "attribute_id", "attribute_value_id") VALUES (125, 'resin-peach-bracelet-l-dadson', 7, 6);
INSERT INTO "selected_attribute_value" ("id", "product_id", "attribute_id", "attribute_value_id") VALUES (126, 'resin-multi-color-bracelet-l-d', 7, 6);
INSERT INTO "selected_attribute_value" ("id", "product_id", "attribute_id", "attribute_value_id") VALUES (128, 'luxury-gold--brown--white-colo', 7, 6);
INSERT INTO "selected_attribute_value" ("id", "product_id", "attribute_id", "attribute_value_id") VALUES (129, 'luxury-gold--peach--white-colo', 7, 6);
INSERT INTO "selected_attribute_value" ("id", "product_id", "attribute_id", "attribute_value_id") VALUES (130, 'luxury-gold--red--white-color', 7, 6);
INSERT INTO "selected_attribute_value" ("id", "product_id", "attribute_id", "attribute_value_id") VALUES (131, 'luxury-gold--blue-color-anti-t', 7, 6);
INSERT INTO "selected_attribute_value" ("id", "product_id", "attribute_id", "attribute_value_id") VALUES (132, 'luxury-gold--black--white-colo', 7, 6);
INSERT INTO "selected_attribute_value" ("id", "product_id", "attribute_id", "attribute_value_id") VALUES (133, 'luxury-gold-white-color-anti-t', 7, 6);
INSERT INTO "selected_attribute_value" ("id", "product_id", "attribute_id", "attribute_value_id") VALUES (145, 'heart-pearl-1', 7, 6);
INSERT INTO "selected_attribute_value" ("id", "product_id", "attribute_id", "attribute_value_id") VALUES (146, 'testttttttt', 7, 6);
INSERT INTO "selected_attribute_value" ("id", "product_id", "attribute_id", "attribute_value_id") VALUES (147, 'dadson-jewelry-heart-pearl-anti-tarnish-earrings', 7, 6);
INSERT INTO "selected_attribute_value" ("id", "product_id", "attribute_id", "attribute_value_id") VALUES (149, 'dadson-abstract-gold-anti-tarn', 7, 6);
INSERT INTO "selected_attribute_value" ("id", "product_id", "attribute_id", "attribute_value_id") VALUES (150, 'kada-3', 7, 6);
INSERT INTO "selected_attribute_value" ("id", "product_id", "attribute_id", "attribute_value_id") VALUES (151, 'dadson-floral-bloom-anti-tarni', 7, 6);
INSERT INTO "selected_attribute_value" ("id", "product_id", "attribute_id", "attribute_value_id") VALUES (154, 'crystal-leaf-gold-bracelet-l-d', 7, 6);
INSERT INTO "selected_attribute_value" ("id", "product_id", "attribute_id", "attribute_value_id") VALUES (156, 'dadson-modern-wave-anti-tarnis', 7, 6);
INSERT INTO "selected_attribute_value" ("id", "product_id", "attribute_id", "attribute_value_id") VALUES (157, 'dadson-layered-gold-anti-tarni', 7, 6);
INSERT INTO "selected_attribute_value" ("id", "product_id", "attribute_id", "attribute_value_id") VALUES (159, 'kada-5', 7, 6);
INSERT INTO "selected_attribute_value" ("id", "product_id", "attribute_id", "attribute_value_id") VALUES (161, 'kada-2', 7, 6);

-- Table: sub_category (0 rows)
DELETE FROM "sub_category";

-- Table: subscriber (0 rows)
DELETE FROM "subscriber";

-- Table: user (2 rows)
DELETE FROM "user";
INSERT INTO "user" ("id", "email", "password_hash", "is_admin", "join_date", "username", "phone", "address", "city", "zipcode") VALUES (2, 'newcustomer@test.com', 'scrypt:32768:8:1$SLUCTGqtC141tA2k$9e066324b89fbf705cdca5e1d2d33e6bbbcc8e0e0af367a5ddf9b0793aef8ccf26e30461eec32d387758cee95283136bdca9f959e154f1cdac02f1389ce95759', FALSE, '2026-05-17 08:11:33.366900', NULL, NULL, NULL, NULL, NULL);
INSERT INTO "user" ("id", "email", "password_hash", "is_admin", "join_date", "username", "phone", "address", "city", "zipcode") VALUES (1, 'admin@dadson.com', 'scrypt:32768:8:1$gUIWrIk6JE0T0GcM$45020c97a74bbf6d893dbde20ce3206e7d34139a3419a59d460af3566b9f5cf0435f6fc3a3b058c606428fa0379f704909a78b6dbb71b0b92c85363e775fc06a', TRUE, '2026-05-07 17:57:46.111668', 'ab', '1234567890', 'xyz', 'a, up', '001100');

-- Table: variation_option (0 rows)
DELETE FROM "variation_option";
